Neighborhood,Id,Estimate; Total:,Margin of Error; Total:,Estimate; Male:,Margin of Error; Male:,"Estimate; Male: - Agriculture, forestry, fishing and hunting, and mining:","Margin of Error; Male: - Agriculture, forestry, fishing and hunting, and mining:","Estimate; Male: - Agriculture, forestry, fishing and hunting, and mining: - Agriculture, forestry, fishing and hunting","Margin of Error; Male: - Agriculture, forestry, fishing and hunting, and mining: - Agriculture, forestry, fishing and hunting","Estimate; Male: - Agriculture, forestry, fishing and hunting, and mining: - Mining, quarrying, and oil and gas extraction","Margin of Error; Male: - Agriculture, forestry, fishing and hunting, and mining: - Mining, quarrying, and oil and gas extraction",Estimate; Male: - Construction,Margin of Error; Male: - Construction,Estimate; Male: - Manufacturing,Margin of Error; Male: - Manufacturing,Estimate; Male: - Wholesale trade,Margin of Error; Male: - Wholesale trade,Estimate; Male: - Retail trade,Margin of Error; Male: - Retail trade,"Estimate; Male: - Transportation and warehousing, and utilities:","Margin of Error; Male: - Transportation and warehousing, and utilities:","Estimate; Male: - Transportation and warehousing, and utilities: - Transportation and warehousing","Margin of Error; Male: - Transportation and warehousing, and utilities: - Transportation and warehousing","Estimate; Male: - Transportation and warehousing, and utilities: - Utilities","Margin of Error; Male: - Transportation and warehousing, and utilities: - Utilities",Estimate; Male: - Information,Margin of Error; Male: - Information,"Estimate; Male: - Finance and insurance, and real estate and rental and leasing:","Margin of Error; Male: - Finance and insurance, and real estate and rental and leasing:","Estimate; Male: - Finance and insurance, and real estate and rental and leasing: - Finance and insurance","Margin of Error; Male: - Finance and insurance, and real estate and rental and leasing: - Finance and insurance","Estimate; Male: - Finance and insurance, and real estate and rental and leasing: - Real estate and rental and leasing","Margin of Error; Male: - Finance and insurance, and real estate and rental and leasing: - Real estate and rental and leasing","Estimate; Male: - Professional, scientific, and management, and administrative and waste management services:","Margin of Error; Male: - Professional, scientific, and management, and administrative and waste management services:","Estimate; Male: - Professional, scientific, and management, and administrative and waste management services: - Professional, scientific, and technical services","Margin of Error; Male: - Professional, scientific, and management, and administrative and waste management services: - Professional, scientific, and technical services","Estimate; Male: - Professional, scientific, and management, and administrative and waste management services: - Management of companies and enterprises","Margin of Error; Male: - Professional, scientific, and management, and administrative and waste management services: - Management of companies and enterprises","Estimate; Male: - Professional, scientific, and management, and administrative and waste management services: - Administrative and support and waste management services","Margin of Error; Male: - Professional, scientific, and management, and administrative and waste management services: - Administrative and support and waste management services","Estimate; Male: - Educational services, and health care and social assistance:","Margin of Error; Male: - Educational services, and health care and social assistance:","Estimate; Male: - Educational services, and health care and social assistance: - Educational services","Margin of Error; Male: - Educational services, and health care and social assistance: - Educational services","Estimate; Male: - Educational services, and health care and social assistance: - Health care and social assistance","Margin of Error; Male: - Educational services, and health care and social assistance: - Health care and social assistance","Estimate; Male: - Arts, entertainment, and recreation, and accommodation and food services:","Margin of Error; Male: - Arts, entertainment, and recreation, and accommodation and food services:","Estimate; Male: - Arts, entertainment, and recreation, and accommodation and food services: - Arts, entertainment, and recreation","Margin of Error; Male: - Arts, entertainment, and recreation, and accommodation and food services: - Arts, entertainment, and recreation","Estimate; Male: - Arts, entertainment, and recreation, and accommodation and food services: - Accommodation and food services","Margin of Error; Male: - Arts, entertainment, and recreation, and accommodation and food services: - Accommodation and food services","Estimate; Male: - Other services, except public administration","Margin of Error; Male: - Other services, except public administration",Estimate; Male: - Public administration,Margin of Error; Male: - Public administration,Estimate; Female:,Margin of Error; Female:,"Estimate; Female: - Agriculture, forestry, fishing and hunting, and mining:","Margin of Error; Female: - Agriculture, forestry, fishing and hunting, and mining:","Estimate; Female: - Agriculture, forestry, fishing and hunting, and mining: - Agriculture, forestry, fishing and hunting","Margin of Error; Female: - Agriculture, forestry, fishing and hunting, and mining: - Agriculture, forestry, fishing and hunting","Estimate; Female: - Agriculture, forestry, fishing and hunting, and mining: - Mining, quarrying, and oil and gas extraction","Margin of Error; Female: - Agriculture, forestry, fishing and hunting, and mining: - Mining, quarrying, and oil and gas extraction",Estimate; Female: - Construction,Margin of Error; Female: - Construction,Estimate; Female: - Manufacturing,Margin of Error; Female: - Manufacturing,Estimate; Female: - Wholesale trade,Margin of Error; Female: - Wholesale trade,Estimate; Female: - Retail trade,Margin of Error; Female: - Retail trade,"Estimate; Female: - Transportation and warehousing, and utilities:","Margin of Error; Female: - Transportation and warehousing, and utilities:","Estimate; Female: - Transportation and warehousing, and utilities: - Transportation and warehousing","Margin of Error; Female: - Transportation and warehousing, and utilities: - Transportation and warehousing","Estimate; Female: - Transportation and warehousing, and utilities: - Utilities","Margin of Error; Female: - Transportation and warehousing, and utilities: - Utilities",Estimate; Female: - Information,Margin of Error; Female: - Information,"Estimate; Female: - Finance and insurance, and real estate and rental and leasing:","Margin of Error; Female: - Finance and insurance, and real estate and rental and leasing:","Estimate; Female: - Finance and insurance, and real estate and rental and leasing: - Finance and insurance","Margin of Error; Female: - Finance and insurance, and real estate and rental and leasing: - Finance and insurance","Estimate; Female: - Finance and insurance, and real estate and rental and leasing: - Real estate and rental and leasing","Margin of Error; Female: - Finance and insurance, and real estate and rental and leasing: - Real estate and rental and leasing","Estimate; Female: - Professional, scientific, and management, and administrative and waste management services:","Margin of Error; Female: - Professional, scientific, and management, and administrative and waste management services:","Estimate; Female: - Professional, scientific, and management, and administrative and waste management services: - Professional, scientific, and technical services","Margin of Error; Female: - Professional, scientific, and management, and administrative and waste management services: - Professional, scientific, and technical services","Estimate; Female: - Professional, scientific, and management, and administrative and waste management services: - Management of companies and enterprises","Margin of Error; Female: - Professional, scientific, and management, and administrative and waste management services: - Management of companies and enterprises","Estimate; Female: - Professional, scientific, and management, and administrative and waste management services: - Administrative and support and waste management services","Margin of Error; Female: - Professional, scientific, and management, and administrative and waste management services: - Administrative and support and waste management services","Estimate; Female: - Educational services, and health care and social assistance:","Margin of Error; Female: - Educational services, and health care and social assistance:","Estimate; Female: - Educational services, and health care and social assistance: - Educational services","Margin of Error; Female: - Educational services, and health care and social assistance: - Educational services","Estimate; Female: - Educational services, and health care and social assistance: - Health care and social assistance","Margin of Error; Female: - Educational services, and health care and social assistance: - Health care and social assistance","Estimate; Female: - Arts, entertainment, and recreation, and accommodation and food services:","Margin of Error; Female: - Arts, entertainment, and recreation, and accommodation and food services:","Estimate; Female: - Arts, entertainment, and recreation, and accommodation and food services: - Arts, entertainment, and recreation","Margin of Error; Female: - Arts, entertainment, and recreation, and accommodation and food services: - Arts, entertainment, and recreation","Estimate; Female: - Arts, entertainment, and recreation, and accommodation and food services: - Accommodation and food services","Margin of Error; Female: - Arts, entertainment, and recreation, and accommodation and food services: - Accommodation and food services","Estimate; Female: - Other services, except public administration","Margin of Error; Female: - Other services, except public administration",Estimate; Female: - Public administration,Margin of Error; Female: - Public administration
Allegheny Center,1,790,134,467,106,6,9,6,9,0,10,20,32,29,32,0,10,29,23,49,38,10,14,39,35,14,24,33,22,33,22,0,10,99,42,83,39,0,10,16,24,133,58,17,15,116,56,44,31,20,16,24,26,7,10,4,6,323,69,6,9,6,9,0,10,0,10,11,13,0,10,44,37,11,15,11,15,0,10,7,10,55,37,41,33,14,15,26,18,26,18,0,10,0,10,91,45,9,10,82,46,42,23,30,23,12,10,30,30,0,10
Allegheny West,2,227,70,155,53,8,11,0,10,8,11,9,12,23,20,0,10,10,8,0,10,0,10,0,10,8,9,12,11,3,5,9,11,23,28,13,16,0,10,10,23,27,20,20,18,7,9,22,29,0,10,22,29,9,21,4,6,72,34,0,10,0,10,0,10,0,10,0,10,0,10,0,10,10,16,0,10,10,16,6,8,0,10,0,10,0,10,7,9,4,6,0,10,3,7,43,24,29,20,14,13,6,8,0,10,6,8,0,10,0,10
Allentown,3,849.0,171.758551461,281.0,100.742245359,0.0,17.3205080757,0.0,17.3205080757,0.0,17.3205080757,58.0,50.0399840128,31.0,28.5131548587,0.0,17.3205080757,37.0,31.5911379979,47.0,56.6745092612,47.0,56.6745092612,0.0,17.3205080757,9.0,19.8997487421,0.0,17.3205080757,0.0,17.3205080757,0.0,17.3205080757,52.0,42.4970587218,31.0,30.7408522979,0.0,17.3205080757,21.0,34.0734500748,16.0,23.4520787991,0.0,17.3205080757,16.0,23.4520787991,8.0,19.2093727123,0.0,17.3205080757,8.0,19.2093727123,6.0,16.7630546143,17.0,23.0867927612,568.0,135.665028655,0.0,17.3205080757,0.0,17.3205080757,0.0,17.3205080757,3.0,16.2480768093,3.0,16.2480768093,0.0,17.3205080757,69.0,45.8257569495,14.0,22.8910462845,14.0,22.8910462845,0.0,17.3205080757,0.0,17.3205080757,58.0,38.3405790253,52.0,36.6196668472,6.0,17.9164728672,47.0,36.5650105976,31.0,31.9687347263,0.0,17.3205080757,16.0,26.1533936612,299.0,125.51493935,23.0,27.9284800875,276.0,125.97221916,19.0,24.1039415864,4.0,16.7630546143,15.0,24.4948974278,0.0,17.3205080757,56.0,45.1663591625
Arlington,4,998.0,206.806673006,515.0,123.539467378,0.0,17.3205080757,0.0,17.3205080757,0.0,17.3205080757,51.0,28.1780056072,51.0,32.0624390837,18.0,28.3019433961,61.0,37.7094152699,150.0,85.32877592,150.0,85.32877592,0.0,17.3205080757,0.0,17.3205080757,9.0,13.7477270849,9.0,13.7477270849,0.0,17.3205080757,82.0,46.7974358272,33.0,34.9857113691,0.0,17.3205080757,49.0,34.3802268753,12.0,16.8819430161,0.0,17.3205080757,12.0,16.8819430161,62.0,43.197222133,0.0,17.3205080757,62.0,43.197222133,9.0,20.6155281281,10.0,17.9164728672,483.0,119.184730566,0.0,17.3205080757,0.0,17.3205080757,0.0,17.3205080757,0.0,17.3205080757,32.0,31.3209195267,5.0,15.779733838,60.0,38.3796821248,20.0,27.5862284483,20.0,27.5862284483,0.0,17.3205080757,13.0,14.0712472794,40.0,30.8220700149,26.0,25.5538646784,14.0,20.4939015319,42.0,26.9258240357,21.0,21.6564078277,0.0,17.3205080757,21.0,19.7230829233,178.0,70.3491293479,15.0,17.378147197,163.0,68.1835757349,48.0,33.2565782966,0.0,17.3205080757,48.0,33.2565782966,29.0,25.099800796,16.0,17.378147197
Arlington Heights,5,82,61,0,10,0,10,0,10,0,10,0,10,0,10,0,10,0,10,0,10,0,10,0,10,0,10,0,10,0,10,0,10,0,10,0,10,0,10,0,10,0,10,0,10,0,10,0,10,0,10,0,10,0,10,0,10,82,61,0,10,0,10,0,10,0,10,0,10,0,10,0,10,0,10,0,10,0,10,0,10,0,10,0,10,0,10,6,8,0,10,0,10,6,8,41,53,0,10,41,53,35,36,0,10,35,36,0,10,0,10
Banksville,6,2407.0,445.194339587,1329.0,294.07992111,13.0,28.7923600978,0.0,20.0,13.0,28.7923600978,67.0,60.4483250388,37.0,50.0899191455,28.0,34.885527085,272.0,141.063815346,47.0,46.5832587954,47.0,46.5832587954,0.0,20.0,22.0,30.3973683071,109.0,69.3613725354,76.0,58.5064099052,33.0,38.3144881213,177.0,93.2148056909,126.0,81.8535277188,0.0,20.0,51.0,50.8330601086,157.0,77.1880819816,111.0,66.4454663615,46.0,46.0868744872,181.0,101.252160471,53.0,57.706152185,128.0,88.0397637434,113.0,123.065023463,106.0,65.7038811639,1078.0,241.433220581,15.0,29.5972971739,0.0,20.0,15.0,29.5972971739,0.0,20.0,54.0,42.0713679359,0.0,20.0,11.0,24.269322199,40.0,40.4722126898,40.0,40.4722126898,0.0,20.0,0.0,20.0,222.0,121.950809755,166.0,103.450471241,56.0,64.88451279,82.0,56.73623181,46.0,42.0713679359,0.0,20.0,36.0,44.5084261685,337.0,121.148668998,167.0,89.4147638815,170.0,89.5656184035,100.0,84.3445315359,41.0,42.6380112106,59.0,66.8206554891,112.0,124.213525833,105.0,94.8367017563
Bedford Dwellings,7,263,67,106,43,0,10,0,10,0,10,5,9,16,16,0,10,0,10,26,30,26,30,0,10,0,10,0,10,0,10,0,10,13,14,0,10,0,10,13,14,12,12,0,10,12,12,25,27,0,10,25,27,9,10,0,10,157,59,0,10,0,10,0,10,0,10,0,10,0,10,42,40,0,10,0,10,0,10,0,10,0,10,0,10,0,10,34,37,0,10,0,10,34,37,81,47,6,11,75,46,0,10,0,10,0,10,0,10,0,10
Beechview,8,4047.0,412.26083976,2269.0,297.728063844,11.0,34.4818792991,0.0,31.6227766016,11.0,34.4818792991,249.0,101.222527137,226.0,88.8931943401,46.0,54.8178802947,228.0,95.7914401186,82.0,61.2372435696,75.0,61.2372435696,7.0,31.9530906173,72.0,72.4844810977,262.0,107.703296142,186.0,87.378487055,76.0,64.1404708431,230.0,88.0851860417,110.0,67.9043444854,0.0,31.6227766016,120.0,69.0362223764,226.0,82.3893196962,97.0,64.08587988,129.0,57.697486947,466.0,183.4993188,121.0,82.843225432,345.0,140.527577364,91.0,74.7729897757,80.0,48.6826457785,1778.0,220.782698597,0.0,31.6227766016,0.0,31.6227766016,0.0,31.6227766016,27.0,37.4299345445,33.0,38.1444622455,15.0,32.6955654485,171.0,80.330567034,46.0,44.7325384927,37.0,43.6463056856,9.0,33.1058907145,11.0,34.9857113691,290.0,97.9948978265,272.0,96.2860322165,18.0,34.1320963317,142.0,69.3757882839,71.0,59.2283715798,0.0,31.6227766016,71.0,48.1144468948,709.0,150.036662187,230.0,89.5153618101,479.0,123.138133816,189.0,82.2739326884,14.0,33.3616546351,175.0,81.1788149705,29.0,36.6742416417,116.0,76.544104933
Beltzhoover,9,736.0,214.037379913,336.0,118.583304052,0.0,20.0,0.0,20.0,0.0,20.0,9.0,22.2710574513,0.0,20.0,0.0,20.0,30.0,47.2863616702,77.0,66.0832807903,42.0,43.1972221329,35.0,53.860932038,0.0,20.0,0.0,20.0,0.0,20.0,0.0,20.0,121.0,73.3825592358,46.0,41.2795348811,0.0,20.0,75.0,62.497999968,7.0,20.0,0.0,20.0,7.0,20.0,73.0,57.8100337311,13.0,27.2213151776,60.0,54.7813836992,0.0,20.0,19.0,33.7786915081,400.0,128.774997573,0.0,20.0,0.0,20.0,0.0,20.0,0.0,20.0,28.0,36.4691650576,0.0,20.0,50.0,49.8497743225,0.0,20.0,0.0,20.0,0.0,20.0,0.0,20.0,42.0,49.8497743225,42.0,49.8497743225,0.0,20.0,4.0,18.6815416923,0.0,20.0,0.0,20.0,4.0,18.6815416923,147.0,72.6291952317,33.0,31.6385840391,114.0,66.6708332032,82.0,45.8802789878,13.0,26.4575131107,69.0,42.4852915725,20.0,23.579652245,27.0,35.8050275799
Bloomfield,10,5379.0,347.607537318,2841.0,251.575038509,23.0,32.0780298647,6.0,31.0483493924,17.0,32.6343377441,215.0,72.1526160302,152.0,48.5901224529,84.0,45.508241012,267.0,72.4430811051,68.0,38.6393581728,30.0,31.3687742828,38.0,36.5786823164,91.0,44.3508737231,173.0,73.0889868585,121.0,64.6219776857,52.0,41.097445176,383.0,94.868329805,278.0,75.4718490565,0.0,31.6227766016,105.0,60.332412516,779.0,132.363136862,406.0,93.6162379079,373.0,96.4676111448,319.0,96.9174906815,23.0,31.1126983722,296.0,95.8070978582,177.0,75.3591401224,110.0,44.1361529815,2538.0,239.656003471,5.0,31.0483493924,5.0,31.0483493924,0.0,31.6227766016,26.0,32.1558703817,65.0,56.0357029044,37.0,35.9861084309,245.0,80.8826310155,61.0,50.0199960016,55.0,50.0199960016,6.0,31.6227766016,82.0,47.7702836501,94.0,42.8485705712,73.0,40.0124980474,21.0,31.2089730687,136.0,64.7842573471,51.0,45.9129611331,4.0,30.8058436014,81.0,53.8330753347,1348.0,192.283644652,596.0,123.874936932,752.0,157.635655867,229.0,76.2823701782,95.0,47.3286382648,134.0,68.3373982531,147.0,71.2179752591,63.0,41.3521462563
Bluff,11,1621.0,256.144490474,597.0,211.378806884,0.0,20.0,0.0,20.0,0.0,20.0,5.0,18.6815416922,9.0,21.6564078277,13.0,22.9128784748,142.0,55.641710973,0.0,20.0,0.0,20.0,0.0,20.0,14.0,25.4950975679,7.0,20.5182845286,7.0,20.5182845286,0.0,20.0,48.0,32.9545141066,42.0,29.4957624075,0.0,20.0,6.0,22.2710574513,242.0,171.096464019,197.0,166.709327873,45.0,41.0731055559,99.0,68.8331315574,28.0,32.9241552663,71.0,63.0079360081,10.0,20.4450483002,8.0,21.0713075057,1024.0,181.171189762,9.0,24.269322199,9.0,24.269322199,0.0,20.0,0.0,20.0,22.0,27.0185121722,0.0,20.0,215.0,83.2165848855,0.0,20.0,0.0,20.0,0.0,20.0,13.0,22.803508502,22.0,29.3428015023,13.0,24.4335834457,9.0,24.269322199,43.0,38.3144881213,16.0,28.0000000001,0.0,20.0,27.0,31.192947921,471.0,116.142154277,294.0,81.8535277188,177.0,75.524830354,213.0,100.024996876,79.0,52.6307894677,134.0,77.4596669242,8.0,23.5796522451,8.0,23.5796522451
Bon Air,12,523,146,254,68,0,10,0,10,0,10,50,37,24,30,8,13,28,23,36,45,27,43,9,13,0,10,0,10,0,10,0,10,12,14,12,14,0,10,0,10,30,27,20,23,10,16,0,10,0,10,0,10,38,34,28,25,269,129,0,10,0,10,0,10,0,10,0,10,12,20,28,26,0,10,0,10,0,10,0,10,18,17,18,17,0,10,17,19,7,11,0,10,10,15,39,28,20,17,19,23,108,112,0,10,108,112,29,32,18,27
Brighton Heights,13,3716.0,304.228532521,1824.0,198.126222394,35.0,48.754486973,9.0,28.2134719593,26.0,47.759815745,161.0,74.9266307797,164.0,70.2566722811,43.0,36.2629287289,258.0,88.0284045068,185.0,77.2463591375,141.0,73.0273921209,44.0,34.0587727319,44.0,35.3694783677,109.0,53.6190264739,84.0,49.4570520755,25.0,33.6005952328,292.0,104.00961494,215.0,94.0744386112,0.0,26.4575131106,77.0,45.782092569,210.0,71.3232080041,65.0,40.162171256,145.0,62.4579858785,159.0,78.217645068,82.0,51.9807656734,77.0,62.4259561401,73.0,41.9285105865,91.0,45.0555213043,1892.0,206.949269146,0.0,26.4575131106,0.0,26.4575131106,0.0,26.4575131106,17.0,29.6141857899,21.0,29.4108823396,32.0,35.7910603363,191.0,76.883028036,86.0,49.5176736125,86.0,49.5176736125,0.0,26.4575131106,29.0,33.4215499341,155.0,63.0158710167,121.0,55.8390544332,34.0,33.8378486313,276.0,95.9114174642,179.0,72.1595454531,24.0,40.2988833592,73.0,63.0555310817,784.0,149.682998366,239.0,68.3447144994,545.0,143.690639918,96.0,50.3289181286,15.0,28.5131548588,81.0,48.7442304278,79.0,44.9221548905,126.0,65.9393660873
Brookline,14,6970.0,587.578079917,3432.0,337.914190289,0.0,38.729833462,0.0,38.729833462,0.0,38.729833462,364.0,122.204746224,216.0,103.329569824,92.0,67.1937497094,444.0,142.358701875,206.0,87.7895210147,171.0,80.6907677494,35.0,51.9230199429,83.0,64.5832795699,215.0,87.7382470762,176.0,81.2834546509,39.0,48.9182992345,311.0,101.82337649,176.0,75.5777745107,0.0,38.729833462,135.0,74.8865809074,457.0,130.927460834,187.0,84.6699474429,270.0,102.756994895,442.0,198.522039078,74.0,58.7026404858,368.0,192.340843298,182.0,84.2674314311,420.0,124.112851873,3538.0,360.642482246,0.0,38.729833462,0.0,38.729833462,0.0,38.729833462,53.0,51.8362807307,228.0,121.416638068,28.0,48.590122453,336.0,135.731352311,102.0,59.9166087159,102.0,59.9166087159,0.0,38.729833462,27.0,44.8218696619,429.0,135.007407204,348.0,129.487451129,81.0,57.3585215987,303.0,120.842873187,244.0,116.219619686,15.0,39.9499687108,44.0,44.079473681,1323.0,192.984455333,411.0,111.216006042,912.0,172.684683745,383.0,129.472004696,70.0,69.2892488053,313.0,112.938036108,220.0,94.3239100122,106.0,79.1580697088
California-Kirkbride,15,303,80,148,68,0,10,0,10,0,10,13,15,0,10,0,10,45,25,0,10,0,10,0,10,0,10,0,10,0,10,0,10,19,27,19,27,0,10,0,10,19,22,19,22,0,10,52,60,0,10,52,60,0,10,0,10,155,43,0,10,0,10,0,10,0,10,0,10,0,10,56,47,5,8,5,8,0,10,0,10,0,10,0,10,0,10,14,21,0,10,0,10,14,21,43,26,2,5,41,26,26,26,6,10,20,24,5,7,6,11
Carrick,16,4584.0,430.734256822,2313.0,279.467350507,8.0,37.0,0.0,36.0555127546,8.0,37.0,257.0,91.2852671575,173.0,69.6778300464,112.0,67.5795827155,284.0,96.7987603226,166.0,70.1355829804,125.0,61.8789140175,41.0,47.4341649025,69.0,63.5688603012,118.0,59.6657355608,80.0,51.7107338954,38.0,43.6577599059,262.0,109.256578749,67.0,53.0848377599,0.0,36.0555127546,195.0,100.881118154,353.0,110.231574424,164.0,80.0874522005,189.0,84.1486779455,262.0,107.30330843,70.0,57.4804314529,192.0,97.9642792043,100.0,64.8922183317,149.0,62.7853486093,2271.0,258.22277204,0.0,36.0555127546,0.0,36.0555127546,0.0,36.0555127546,26.0,39.5221456908,80.0,67.0223843204,40.0,45.4862616622,343.0,113.313723793,57.0,45.9456200306,57.0,45.9456200306,0.0,36.0555127546,59.0,47.5920161372,194.0,70.5053189482,152.0,63.5137780329,42.0,41.7013189239,279.0,94.7048045244,174.0,82.5590697623,9.0,37.3630833844,96.0,52.7541467565,752.0,174.702604445,270.0,85.4283325367,482.0,155.14509338,206.0,85.4634424769,0.0,36.0555127546,206.0,85.4634424769,108.0,64.5213143077,127.0,62.8331122894
Central Business District,17,2493.0,399.462138383,1366.0,251.882909305,0.0,24.4948974278,0.0,24.4948974278,0.0,24.4948974278,30.0,40.2119385258,61.0,48.1767578818,16.0,29.2916370317,142.0,89.6994983263,76.0,40.9145450909,38.0,38.8458491991,38.0,27.6586333719,58.0,44.7548880012,197.0,100.029995501,176.0,97.3601561215,21.0,30.8058436015,211.0,98.3310734205,176.0,94.3080060228,0.0,24.4948974278,35.0,34.6410161514,306.0,115.052162083,156.0,85.9709253178,150.0,81.4739222083,186.0,109.045861911,142.0,104.756861351,44.0,45.0000000001,47.0,41.8807831827,36.0,50.2493781056,1127.0,261.292939055,0.0,24.4948974278,0.0,24.4948974278,0.0,24.4948974278,0.0,24.4948974278,45.0,68.8912185987,9.0,27.4954541697,197.0,182.997267739,72.0,72.1664742106,33.0,44.0908153701,39.0,62.1610810716,9.0,28.7054001889,139.0,75.7297827806,96.0,52.3450093132,43.0,58.5491246733,149.0,76.9740215917,108.0,66.5281895139,0.0,24.4948974278,41.0,42.3792402008,231.0,89.643739324,137.0,68.6294397471,94.0,63.2060123722,217.0,98.1733161303,44.0,59.3717104352,173.0,81.9634064689,37.0,49.1629942132,22.0,31.4006369361
Central Lawrenceville,18,2966.0,298.723952839,1533.0,182.085144919,19.0,30.083217913,5.0,23.7486841741,14.0,30.6757233004,152.0,81.1849739792,146.0,69.641941386,79.0,61.5223536611,156.0,73.9594483484,65.0,53.1319113151,55.0,50.5865594797,10.0,27.4954541696,36.0,28.319604517,92.0,47.8957200593,71.0,44.5645599102,21.0,25.6904651573,299.0,84.8999411071,215.0,76.5179717452,0.0,24.4948974278,84.0,44.2605919526,231.0,80.3118920211,153.0,72.6911273815,78.0,41.0121933087,135.0,66.1588996281,36.0,31.0644491339,99.0,62.257529665,43.0,30.8220700148,80.0,41.7851648316,1433.0,204.738858061,0.0,24.4948974278,0.0,24.4948974278,0.0,24.4948974278,13.0,24.4948974278,23.0,27.147743921,18.0,35.8329457344,108.0,58.1291665174,25.0,36.0693775938,25.0,36.0693775938,0.0,24.4948974278,37.0,38.9486841884,110.0,58.172158289,75.0,52.9716905526,35.0,28.8097205818,131.0,64.4825557806,122.0,64.4825557806,0.0,24.4948974278,9.0,24.4948974278,705.0,123.23554682,191.0,81.0308583195,514.0,99.9649938728,131.0,65.6353563258,25.0,26.2488094968,106.0,63.7808748764,99.0,55.8748601789,33.0,45.44227107
Central Northside,19,1524.0,188.045207331,829.0,143.034960761,0.0,17.3205080757,0.0,17.3205080757,0.0,17.3205080757,27.0,22.9128784748,73.0,29.4278779392,11.0,17.9164728671,102.0,54.6443043693,26.0,20.4205778567,26.0,20.4205778567,0.0,17.3205080757,59.0,39.471508712,98.0,59.3380147966,79.0,58.4465567848,19.0,15.8429795178,140.0,51.4684369298,114.0,43.22036557,0.0,17.3205080757,26.0,29.9499582637,142.0,53.1224999411,48.0,35.4118624193,94.0,40.8289113252,93.0,38.3405790254,24.0,18.574175621,69.0,37.3363094052,30.0,22.0227155456,28.0,32.2645316098,695.0,114.1008326,0.0,17.3205080757,0.0,17.3205080757,0.0,17.3205080757,5.0,15.779733838,22.0,25.3179778023,4.0,15.3622914957,44.0,31.448370387,37.0,32.0780298647,27.0,28.0891438104,10.0,21.3541565041,19.0,19.8997487421,58.0,28.3019433962,51.0,26.5518360947,7.0,17.3205080757,67.0,34.9857113691,61.0,34.2490875791,0.0,17.3205080757,6.0,16.2480768093,243.0,75.9868409661,120.0,59.1354377679,123.0,39.7617907042,121.0,60.7289058028,38.0,33.7638860323,83.0,52.5357021463,56.0,29.0,19.0,26.0384331326
Central Oakland,20,3162.0,469.392160139,1283.0,289.663597989,0.0,17.3205080757,0.0,17.3205080757,0.0,17.3205080757,106.0,90.3991150399,71.0,46.2817458616,0.0,17.3205080757,178.0,78.6384130054,17.0,21.5638586528,17.0,21.5638586528,0.0,17.3205080757,9.0,22.8910462845,69.0,46.4435140789,47.0,43.0581002832,22.0,21.8403296678,36.0,32.3264597505,23.0,28.4429253066,0.0,17.3205080757,13.0,20.9761769634,451.0,154.288690447,388.0,140.836784968,63.0,41.7133072292,250.0,140.178457689,34.0,32.4653661615,216.0,129.278768558,24.0,27.0,72.0,61.1310068623,1879.0,378.559110311,0.0,17.3205080757,0.0,17.3205080757,0.0,17.3205080757,26.0,21.8403296678,53.0,56.0089278597,0.0,17.3205080757,178.0,114.078920051,0.0,17.3205080757,0.0,17.3205080757,0.0,17.3205080757,30.0,36.4005494464,24.0,29.478805946,7.0,18.547236991,17.0,28.7228132327,59.0,49.6487663492,36.0,31.7647603485,0.0,17.3205080757,23.0,40.5462698654,894.0,245.26516263,510.0,189.702398509,384.0,116.292734081,546.0,185.612499579,175.0,111.731821788,371.0,110.503393613,0.0,17.3205080757,69.0,59.3127305053
Chartiers City,21,276,101,142,68,0,10,0,10,0,10,0,10,5,8,0,10,20,26,14,17,9,15,5,8,18,23,0,10,0,10,0,10,14,25,0,10,0,10,14,25,23,23,23,23,0,10,25,28,0,10,25,28,23,31,0,10,134,61,0,10,0,10,0,10,0,10,0,10,0,10,0,10,40,39,40,39,0,10,0,10,10,15,0,10,10,15,11,13,11,13,0,10,0,10,38,28,29,23,9,12,13,19,0,10,13,19,22,31,0,10
Chateau,22,0,10,0,10,0,10,0,10,0,10,0,10,0,10,0,10,0,10,0,10,0,10,0,10,0,10,0,10,0,10,0,10,0,10,0,10,0,10,0,10,0,10,0,10,0,10,0,10,0,10,0,10,0,10,0,10,0,10,0,10,0,10,0,10,0,10,0,10,0,10,0,10,0,10,0,10,0,10,0,10,0,10,0,10,0,10,0,10,0,10,0,10,0,10,0,10,0,10,0,10,0,10,0,10,0,10,0,10,0,10
Crafton Heights,23,1931.0,228.138116061,837.0,126.988188427,13.0,20.5182845286,0.0,20.0,13.0,20.5182845286,77.0,32.14031736,116.0,57.6541412216,67.0,51.6623654124,92.0,45.2437841035,77.0,52.9339210714,42.0,22.1585198062,35.0,49.5782210249,34.0,37.907782842,49.0,25.9422435422,41.0,23.6854385647,8.0,20.5182845287,118.0,49.2950301755,73.0,35.7491258634,6.0,20.0,39.0,34.4238289561,78.0,36.6878726556,5.0,19.519221296,73.0,35.5105618092,59.0,40.9878030638,23.0,27.5136329843,36.0,34.6410161514,12.0,19.0262975905,45.0,27.7668867539,1094.0,154.327573686,0.0,20.0,0.0,20.0,0.0,20.0,6.0,20.5182845287,68.0,52.5737577124,0.0,20.0,100.0,51.8652099195,47.0,33.3616546353,47.0,33.3616546353,0.0,20.0,14.0,21.0713075057,191.0,71.8540186768,136.0,60.5475020129,55.0,40.6201920231,20.0,24.4540385213,5.0,18.6815416922,0.0,20.0,15.0,25.4754784057,428.0,91.9945650568,151.0,58.1807528312,277.0,83.8629834909,122.0,62.2414652784,13.0,18.6815416922,109.0,61.7251974481,74.0,60.745370194,24.0,21.8403296679
Crawford-Roberts,24,661.0,152.800523559,318.0,117.034183041,0.0,14.1421356237,0.0,14.1421356237,0.0,14.1421356237,0.0,14.1421356237,24.0,30.6757233004,0.0,14.1421356237,91.0,78.1024967591,26.0,31.6227766017,13.0,22.360679775,13.0,22.360679775,0.0,14.1421356237,0.0,14.1421356237,0.0,14.1421356237,0.0,14.1421356237,62.0,40.3608721412,9.0,17.2046505341,0.0,14.1421356237,53.0,39.0512483795,80.0,54.1202365109,43.0,39.9249295554,37.0,32.2024843762,27.0,25.079872408,0.0,14.1421356237,27.0,25.079872408,0.0,14.1421356237,8.0,18.0277563773,343.0,101.911726509,0.0,14.1421356237,0.0,14.1421356237,0.0,14.1421356237,0.0,14.1421356237,11.0,18.8679622641,0.0,14.1421356237,21.0,25.079872408,0.0,14.1421356237,0.0,14.1421356237,0.0,14.1421356237,12.0,21.4709105536,17.0,19.8494332413,9.0,18.0277563773,8.0,16.4012194669,73.0,51.4295634825,20.0,25.079872408,0.0,14.1421356237,53.0,48.0832611207,186.0,85.8020978765,6.0,14.8660687473,180.0,85.8020978765,0.0,14.1421356237,0.0,14.1421356237,0.0,14.1421356237,5.0,14.1421356237,18.0,20.5182845287
Duquesne Heights,25,1500.0,263.531781765,845.0,185.321342538,0.0,14.1421356237,0.0,14.1421356237,0.0,14.1421356237,30.0,24.3515913238,131.0,78.1856764376,52.0,37.8021163429,133.0,78.006409993,56.0,49.9799959984,16.0,18.4390889146,40.0,46.3249392876,10.0,19.7230829233,73.0,41.3400532172,52.0,36.4005494464,21.0,26.9258240357,103.0,59.908263203,95.0,58.3095189485,0.0,14.1421356237,8.0,17.2046505341,113.0,61.0573500899,29.0,22.627416998,84.0,55.4707129934,40.0,29.6984848098,0.0,14.1421356237,40.0,29.6984848098,19.0,23.2594066992,85.0,110.027269347,655.0,133.600149701,0.0,14.1421356237,0.0,14.1421356237,0.0,14.1421356237,0.0,14.1421356237,13.0,18.0277563773,0.0,14.1421356237,71.0,41.0365690574,21.0,19.4164878389,21.0,19.4164878389,0.0,14.1421356237,15.0,18.8679622641,119.0,57.2013985843,106.0,55.4707129934,13.0,18.0277563773,59.0,38.4707681233,32.0,23.3238075794,0.0,14.1421356237,27.0,25.5538646784,216.0,91.0,101.0,79.0569415042,115.0,53.5350352573,59.0,47.0744091838,0.0,14.1421356237,59.0,47.0744091838,54.0,56.8594759033,28.0,25.9422435421
East Allegheny,26,1153.0,201.556443707,769.0,166.817265293,0.0,14.1421356237,0.0,14.1421356237,0.0,14.1421356237,39.0,43.1740662898,93.0,57.8013840665,48.0,44.2944691807,41.0,31.8276609257,37.0,37.1618083521,37.0,37.1618083521,0.0,14.1421356237,10.0,17.2046505341,81.0,54.7083174664,60.0,57.4891294072,21.0,23.0217288664,195.0,115.433963806,73.0,42.9534631898,0.0,14.1421356237,122.0,106.606754007,113.0,68.3081254318,79.0,63.3482438588,34.0,27.4590604355,96.0,62.8012738724,23.0,26.0,73.0,58.8302643203,10.0,18.0277563773,6.0,14.8660687473,384.0,86.0232526704,0.0,14.1421356237,0.0,14.1421356237,0.0,14.1421356237,0.0,14.1421356237,0.0,14.1421356237,13.0,19.7230829233,45.0,33.5261092285,28.0,32.8024389337,28.0,32.8024389337,0.0,14.1421356237,0.0,14.1421356237,15.0,20.591260282,15.0,20.591260282,0.0,14.1421356237,61.0,32.3109888428,52.0,29.5465734054,0.0,14.1421356237,9.0,17.2046505341,129.0,67.4166151627,96.0,62.1771662268,33.0,30.61045573,35.0,24.4131112315,20.0,17.8044938148,15.0,18.8679622641,49.0,40.249223595,9.0,17.2046505341
East Carnegie,27,366,104,172,75,5,20,2,19,3,5,20,15,20,15,0,10,46,42,4,6,4,6,0,10,0,10,20,23,15,22,5,7,12,13,3,5,0,10,9,12,6,13,6,13,0,10,14,14,9,11,5,9,25,46,0,10,194,68,15,23,15,23,0,10,9,10,0,10,0,10,22,20,0,10,0,10,0,10,0,10,79,61,48,51,31,37,21,15,10,11,0,10,11,11,42,29,0,10,42,29,6,11,0,10,6,11,0,10,0,10
East Hills,28,892.0,251.628694707,380.0,147.397421959,0.0,17.3205080757,0.0,17.3205080757,0.0,17.3205080757,59.0,71.8957578721,0.0,17.3205080757,34.0,41.4849370254,8.0,19.2093727123,24.0,32.2645316098,24.0,32.2645316098,0.0,17.3205080757,0.0,17.3205080757,38.0,38.6781592116,38.0,38.6781592116,0.0,17.3205080757,39.0,39.8998746865,0.0,17.3205080757,0.0,17.3205080757,39.0,39.8998746865,68.0,57.3933794091,10.0,21.354156504,58.0,55.2177507691,25.0,43.3704968844,0.0,17.3205080757,25.0,43.3704968844,75.0,70.3562363974,10.0,21.354156504,512.0,139.971425655,0.0,17.3205080757,0.0,17.3205080757,0.0,17.3205080757,0.0,17.3205080757,18.0,25.3179778023,0.0,17.3205080757,62.0,39.6736688498,9.0,19.8997487421,9.0,19.8997487421,0.0,17.3205080757,7.0,17.9164728672,20.0,34.0734500748,20.0,34.0734500748,0.0,17.3205080757,72.0,69.5988505652,51.0,63.5924523823,0.0,17.3205080757,21.0,33.1662479035,187.0,71.902712049,51.0,42.7668095607,136.0,63.1901891119,62.0,51.4295634825,0.0,17.3205080757,62.0,51.4295634825,37.0,30.0333148354,38.0,47.2440472441
East Liberty,29,2590.0,327.983231279,1064.0,193.308044323,10.0,30.4138126515,0.0,28.2842712474,10.0,30.4138126515,48.0,60.2328813855,98.0,80.3679040414,0.0,28.2842712474,112.0,58.4636639291,72.0,64.2650760522,59.0,61.5548535861,13.0,33.1662479036,22.0,29.0516780927,0.0,28.2842712474,0.0,28.2842712474,0.0,28.2842712474,174.0,85.8312297478,102.0,66.3927706908,0.0,28.2842712474,72.0,59.2030404625,323.0,109.284033601,182.0,88.2326470192,141.0,64.2572953057,153.0,94.9210198006,12.0,32.5729949499,141.0,93.2255329831,36.0,44.1361529814,16.0,30.9192496674,1526.0,238.918396111,0.0,28.2842712474,0.0,28.2842712474,0.0,28.2842712474,0.0,28.2842712474,23.0,31.9530906173,9.0,29.9332590942,215.0,118.088949526,20.0,29.8998327754,12.0,28.7228132327,8.0,29.4788059459,26.0,33.2415402772,118.0,69.1664658632,97.0,65.5591336123,21.0,33.615472628,81.0,48.5592421687,37.0,38.5227205684,0.0,28.2842712474,44.0,39.0512483795,821.0,170.642901992,272.0,108.627804912,549.0,149.48913004,116.0,72.1179589284,29.0,36.4005494464,87.0,70.7954800817,45.0,56.0089278598,52.0,39.9874980463
Elliott,30,1051.0,178.560913976,517.0,110.657128103,0.0,17.3205080757,0.0,17.3205080757,0.0,17.3205080757,56.0,37.1752605908,37.0,32.7108544676,15.0,19.2093727123,62.0,44.1134900002,12.0,17.378147197,12.0,17.378147197,0.0,17.3205080757,0.0,17.3205080757,58.0,39.9249295554,58.0,39.9249295554,0.0,17.3205080757,59.0,36.4005494464,21.0,22.1133443875,0.0,17.3205080757,38.0,32.4499614792,79.0,41.0365690574,21.0,25.3771550809,58.0,35.5105618091,40.0,28.7228132327,9.0,19.2093727123,31.0,27.9284800875,36.0,29.0860791445,63.0,51.5654923374,534.0,107.819293264,0.0,17.3205080757,0.0,17.3205080757,0.0,17.3205080757,0.0,17.3205080757,14.0,25.3179778023,14.0,18.4932420089,38.0,29.7489495613,31.0,28.7054001888,25.0,28.0178514522,6.0,16.2480768093,37.0,39.6106046407,66.0,39.5600808897,66.0,39.5600808897,0.0,17.3205080757,53.0,42.0119030752,18.0,21.6564078277,0.0,17.3205080757,35.0,38.6781592116,218.0,89.1964124839,66.0,49.3254498205,152.0,74.1147758547,9.0,19.2093727123,0.0,17.3205080757,9.0,19.2093727123,22.0,28.7228132327,32.0,28.8097205818
Esplen,31,178,96,115,73,0,10,0,10,0,10,19,31,15,16,14,17,49,59,0,10,0,10,0,10,5,9,0,10,0,10,0,10,0,10,0,10,0,10,0,10,0,10,0,10,0,10,5,8,0,10,5,8,0,10,8,14,63,33,0,10,0,10,0,10,0,10,0,10,0,10,22,32,0,10,0,10,0,10,0,10,3,4,0,10,3,4,21,27,5,9,0,10,16,26,9,14,0,10,9,14,4,6,0,10,4,6,4,6,0,10
Fairywood,32,847,185,487,147,0,10,0,10,0,10,26,23,0,10,34,42,17,21,11,11,11,11,0,10,47,41,62,67,53,67,9,14,124,74,101,69,0,10,23,37,72,63,44,56,28,25,69,53,33,47,36,29,0,10,25,39,360,79,0,10,0,10,0,10,9,15,4,6,0,10,49,42,0,10,0,10,0,10,0,10,10,13,10,13,0,10,96,72,50,62,0,10,46,40,127,64,39,30,88,58,49,47,3,4,46,47,0,10,16,17
Fineview,33,510.0,146.102703603,219.0,82.8794305,0.0,14.1421356237,0.0,14.1421356237,0.0,14.1421356237,45.0,49.244289009,7.0,13.4536240471,16.0,23.2594066992,15.0,25.079872408,15.0,20.6155281281,15.0,20.6155281281,0.0,14.1421356237,0.0,14.1421356237,0.0,14.1421356237,0.0,14.1421356237,0.0,14.1421356237,35.0,29.1204395571,3.0,11.1803398875,0.0,14.1421356237,32.0,28.1602556807,58.0,51.8652099196,6.0,8.48528137424,52.0,51.8652099196,14.0,16.4012194669,3.0,11.1803398875,11.0,15.6204993518,11.0,10.8166538264,3.0,11.1803398875,291.0,88.4081444212,0.0,14.1421356237,0.0,14.1421356237,0.0,14.1421356237,0.0,14.1421356237,0.0,14.1421356237,0.0,14.1421356237,13.0,11.313708499,0.0,14.1421356237,0.0,14.1421356237,0.0,14.1421356237,0.0,14.1421356237,60.0,42.3792402008,57.0,43.3243580449,3.0,11.1803398875,17.0,23.5372045919,0.0,14.1421356237,0.0,14.1421356237,17.0,23.5372045919,116.0,63.0317380373,3.0,11.6619037897,113.0,63.0317380373,65.0,50.0899191455,0.0,14.1421356237,65.0,50.0899191455,16.0,15.6524758425,4.0,11.6619037897
Friendship,34,1341.0,227.782791273,671.0,173.254148579,12.0,21.4709105536,0.0,14.1421356237,12.0,21.4709105536,0.0,14.1421356237,11.0,19.7230829233,0.0,14.1421356237,19.0,25.079872408,35.0,44.1474801093,0.0,14.1421356237,35.0,44.1474801093,0.0,14.1421356237,32.0,29.6816441593,10.0,18.8679622641,22.0,26.9258240357,101.0,73.7360156233,101.0,73.7360156233,0.0,14.1421356237,0.0,14.1421356237,319.0,112.614386292,146.0,65.7647321898,173.0,86.2786184405,96.0,63.8200595424,26.0,29.7321374946,70.0,56.462376854,46.0,59.8414572015,0.0,14.1421356237,670.0,155.724115024,0.0,14.1421356237,0.0,14.1421356237,0.0,14.1421356237,0.0,14.1421356237,0.0,14.1421356237,0.0,14.1421356237,91.0,54.1202365109,0.0,14.1421356237,0.0,14.1421356237,0.0,14.1421356237,10.0,18.8679622641,39.0,36.4005494464,32.0,34.4818792991,7.0,14.8660687473,40.0,35.0,40.0,35.0,0.0,14.1421356237,0.0,14.1421356237,327.0,106.508215646,187.0,76.4852927039,140.0,77.6208734813,124.0,111.628849318,52.0,60.6712452485,72.0,60.8029604542,20.0,23.2594066992,19.0,23.2594066992
Garfield,35,1477.0,208.818102663,671.0,137.626305625,0.0,22.360679775,0.0,22.360679775,0.0,22.360679775,105.0,60.7453701939,38.0,32.0156211872,0.0,22.360679775,67.0,41.8807831828,56.0,34.0587727318,56.0,34.0587727318,0.0,22.360679775,29.0,38.4837628098,44.0,30.2985148151,11.0,21.3775583264,33.0,28.1602556807,72.0,44.5084261685,62.0,43.1508980208,0.0,22.360679775,10.0,20.322401433,169.0,57.740800133,88.0,45.5850852802,81.0,36.8917334914,58.0,35.8468966579,24.0,26.9258240357,34.0,30.4795013082,12.0,18.8414436814,21.0,24.7790233867,806.0,127.753669223,0.0,22.360679775,0.0,22.360679775,0.0,22.360679775,15.0,30.4795013083,19.0,21.7715410571,2.0,20.3960780543,27.0,18.1659021245,67.0,53.4322000296,61.0,53.6097006148,6.0,21.9317121995,14.0,21.5406592286,97.0,65.1766829473,97.0,65.1766829473,0.0,22.360679775,111.0,61.5548535861,58.0,42.0594816896,0.0,22.360679775,53.0,37.349698794,275.0,77.1427248676,80.0,41.0121933089,195.0,69.1809222257,131.0,56.48893697,1.0,20.8806130178,130.0,56.0357029045,39.0,36.8781778292,9.0,20.4205778566
Glen Hazel,36,96,75,35,36,0,10,0,10,0,10,0,10,0,10,0,10,0,10,23,38,23,38,0,10,0,10,0,10,0,10,0,10,0,10,0,10,0,10,0,10,12,20,0,10,12,20,0,10,0,10,0,10,0,10,0,10,61,48,0,10,0,10,0,10,20,33,0,10,0,10,0,10,0,10,0,10,0,10,0,10,0,10,0,10,0,10,12,21,0,10,0,10,12,21,19,26,5,7,14,24,10,16,0,10,10,16,0,10,0,10
Greenfield,37,4565.0,514.238271621,2180.0,311.294073185,30.0,44.9666543118,0.0,29.9999999999,30.0,44.9666543118,144.0,85.3580693315,180.0,102.29369482,104.0,71.7495644586,150.0,99.7546991374,79.0,56.938563382,79.0,56.938563382,0.0,29.9999999999,52.0,43.4741302385,109.0,74.7663025701,34.0,49.8096376216,75.0,62.5379884551,529.0,160.355854275,361.0,115.38630768,0.0,29.9999999999,168.0,117.089709198,466.0,134.447015586,313.0,113.648581162,153.0,72.4085630296,228.0,131.704214055,59.0,71.9513724679,169.0,146.201915172,12.0,34.0734500748,97.0,57.3759531511,2385.0,298.216364407,0.0,29.9999999999,0.0,29.9999999999,0.0,29.9999999999,0.0,29.9999999999,72.0,64.9923072371,37.0,50.0799361022,152.0,86.700634369,95.0,91.8585869693,59.0,83.3846508657,36.0,50.6359556046,17.0,34.0734500749,147.0,78.3709129717,136.0,76.9285382678,11.0,33.5261092284,221.0,96.005208192,171.0,79.1264810286,0.0,29.9999999999,50.0,60.5144610817,1069.0,221.794950348,296.0,114.690888915,773.0,195.317689932,369.0,141.897850583,101.0,62.1047502209,268.0,130.326513036,127.0,86.8964901478,79.0,70.894287499
Hays,38,184,63,83,33,0,10,0,10,0,10,20,16,0,10,0,10,14,15,0,10,0,10,0,10,0,10,4,6,0,10,4,6,8,10,4,7,4,7,0,10,0,10,0,10,0,10,30,30,0,10,30,30,0,10,7,9,101,40,0,10,0,10,0,10,5,7,4,7,5,8,0,10,7,10,7,10,0,10,0,10,18,18,18,18,0,10,9,13,9,13,0,10,0,10,42,35,0,10,42,35,8,10,0,10,8,10,3,6,0,10
Hazelwood,39,1443.0,247.870934157,680.0,145.199862259,7.0,26.4575131106,0.0,26.4575131106,7.0,26.4575131106,85.0,51.2737749731,41.0,37.6430604494,30.0,35.8468966579,84.0,63.3561362458,30.0,37.7094152699,30.0,37.7094152699,0.0,26.4575131106,5.0,25.4754784057,81.0,65.3222779762,26.0,32.0936130718,55.0,60.6794858251,60.0,48.5180378828,23.0,29.8161030317,0.0,26.4575131106,37.0,46.5295604965,84.0,51.205468458,38.0,43.69210455,46.0,37.1887079636,104.0,72.8971878745,5.0,25.7681974534,99.0,72.1040914235,31.0,31.7962261912,38.0,31.6385840392,763.0,158.467662316,4.0,26.0959767013,0.0,26.4575131106,4.0,26.0959767013,17.0,35.721142199,35.0,44.643028571,0.0,26.4575131106,92.0,69.3541635376,12.0,28.2134719593,12.0,28.2134719593,0.0,26.4575131106,17.0,30.4138126515,33.0,34.7275107083,27.0,33.6303434416,6.0,26.0959767014,46.0,44.1814440688,19.0,29.8496231132,0.0,26.4575131106,27.0,40.6571027005,340.0,111.34630663,77.0,46.7974358272,263.0,104.00961494,69.0,45.3541618817,11.0,26.3438797447,58.0,40.509258201,40.0,36.6742416418,58.0,50.0999001995
Highland Park,40,3493.0,450.639545535,1572.0,248.891542646,0.0,28.2842712474,0.0,28.2842712474,0.0,28.2842712474,95.0,68.1395626637,81.0,62.4019230472,0.0,28.2842712474,209.0,112.512221559,24.0,35.3270434654,24.0,35.3270434654,0.0,28.2842712474,72.0,57.6888204074,104.0,70.7601582813,66.0,52.5071423713,38.0,53.9814783052,233.0,89.1178994367,187.0,80.330567034,0.0,28.2842712474,46.0,44.2492937797,524.0,163.627626029,278.0,121.020659393,246.0,120.158229015,94.0,55.8300994088,60.0,46.346520905,34.0,40.718546143,136.0,97.4987179403,0.0,28.2842712474,1921.0,287.513477946,0.0,28.2842712474,0.0,28.2842712474,0.0,28.2842712474,7.0,29.4788059459,172.0,113.890298094,0.0,28.2842712474,122.0,100.468900661,0.0,28.2842712474,0.0,28.2842712474,0.0,28.2842712474,9.0,29.9332590943,92.0,56.462376854,71.0,51.1077293567,21.0,34.3511280746,121.0,81.4800589101,70.0,48.8364617883,0.0,28.2842712474,51.0,72.1803297304,910.0,194.84865922,348.0,115.026083999,562.0,172.997109802,153.0,111.897274319,109.0,107.396461768,44.0,42.2729227757,183.0,81.4493707771,152.0,109.590145542
Homewood North,41,844.0,154.278968107,332.0,91.8640299573,0.0,22.360679775,0.0,22.360679775,0.0,22.360679775,31.0,38.2099463491,23.0,24.9198715887,0.0,22.360679775,14.0,23.3238075794,19.0,24.7588368063,13.0,22.9128784748,6.0,21.9317121995,7.0,22.360679775,29.0,27.910571474,19.0,28.6705423736,10.0,21.3775583264,64.0,49.4873721266,6.0,22.360679775,0.0,22.360679775,58.0,51.2737749732,35.0,36.1386219992,8.0,21.0950231098,27.0,36.8917334914,59.0,45.0777106783,0.0,22.360679775,59.0,45.0777106783,35.0,33.7934904974,16.0,21.6794833887,512.0,111.166541729,0.0,22.360679775,0.0,22.360679775,0.0,22.360679775,0.0,22.360679775,0.0,22.360679775,0.0,22.360679775,54.0,38.275318418,16.0,24.8394846967,16.0,24.8394846967,0.0,22.360679775,25.0,26.8514431641,38.0,35.5246393366,31.0,35.5246393366,7.0,22.360679775,16.0,25.6124969497,0.0,22.360679775,0.0,22.360679775,16.0,25.6124969497,239.0,81.2280739646,4.0,20.8806130178,235.0,81.2280739646,29.0,37.483329628,0.0,22.360679775,29.0,37.483329628,64.0,43.8292140016,31.0,26.5706605112
Homewood South,42,634.0,120.083304418,280.0,81.0308583195,0.0,24.4948974278,0.0,24.4948974278,0.0,24.4948974278,2.0,23.1516738056,41.0,42.5675933076,7.0,24.4948974278,24.0,28.3901391331,14.0,24.9198715887,7.0,24.4948974278,7.0,24.9198715887,6.0,24.4948974278,5.0,24.1039415863,5.0,24.1039415863,0.0,24.4948974278,26.0,25.4165300543,15.0,25.3771550809,0.0,24.4948974278,11.0,24.5356882928,69.0,32.3728281125,39.0,25.6515106767,30.0,27.9642629082,73.0,52.8299157675,0.0,24.4948974278,73.0,52.8299157675,4.0,23.748684174,9.0,23.1516738056,354.0,77.1751255262,0.0,24.4948974278,0.0,24.4948974278,0.0,24.4948974278,0.0,24.4948974278,12.0,23.6008474424,4.0,23.1516738056,11.0,23.3452350598,0.0,24.4948974278,0.0,24.4948974278,0.0,24.4948974278,0.0,24.4948974278,11.0,23.7065391823,11.0,23.7065391823,0.0,24.4948974278,26.0,24.7790233868,14.0,25.495097568,0.0,24.4948974278,12.0,23.7486841741,183.0,54.2033209314,40.0,29.8496231131,143.0,48.7237108603,49.0,42.7668095607,0.0,24.4948974278,49.0,42.7668095607,28.0,32.5729949499,30.0,32.5729949499
Homewood West,43,307.0,117.783700061,145.0,66.7308024828,0.0,14.1421356237,0.0,14.1421356237,0.0,14.1421356237,4.0,11.6619037897,0.0,14.1421356237,0.0,14.1421356237,4.0,11.6619037897,46.0,40.6078810085,42.0,41.2310562562,4.0,12.2065556157,0.0,14.1421356237,21.0,32.5729949498,0.0,14.1421356237,21.0,32.5729949498,18.0,30.6757233004,0.0,14.1421356237,0.0,14.1421356237,18.0,30.6757233004,31.0,26.9258240357,23.0,25.079872408,8.0,13.4536240471,21.0,26.6833281283,16.0,27.8567765544,5.0,8.48528137424,0.0,14.1421356237,0.0,14.1421356237,162.0,80.1124210095,0.0,14.1421356237,0.0,14.1421356237,0.0,14.1421356237,0.0,14.1421356237,0.0,14.1421356237,0.0,14.1421356237,19.0,32.5729949498,30.0,29.8328677804,30.0,29.8328677804,0.0,14.1421356237,0.0,14.1421356237,26.0,33.2415402772,23.0,32.5576411922,3.0,11.6619037897,1.0,10.4403065089,0.0,14.1421356237,0.0,14.1421356237,1.0,10.4403065089,68.0,40.3112887415,3.0,11.1803398875,65.0,41.7252920901,16.0,15.8113883008,0.0,14.1421356237,16.0,15.8113883008,2.0,10.7703296143,0.0,14.1421356237
Knoxville,44,1550.0,342.827945186,573.0,172.180138227,0.0,24.4948974278,0.0,24.4948974278,0.0,24.4948974278,49.0,62.9285308902,129.0,81.7373843477,0.0,24.4948974278,78.0,72.7255113423,39.0,43.1856457634,39.0,43.1856457634,0.0,24.4948974278,6.0,29.3428015022,16.0,34.292856399,16.0,34.292856399,0.0,24.4948974278,78.0,82.3711114408,13.0,30.6757233004,0.0,24.4948974278,65.0,77.1556867638,79.0,51.2249938994,29.0,38.8072158239,50.0,39.9374510954,44.0,74.4378935758,0.0,24.4948974278,44.0,74.4378935758,0.0,24.4948974278,55.0,51.0392006207,977.0,243.240621607,0.0,24.4948974278,0.0,24.4948974278,0.0,24.4948974278,0.0,24.4948974278,11.0,29.3428015022,0.0,24.4948974278,133.0,94.6889645101,16.0,36.6196668472,16.0,36.6196668472,0.0,24.4948974278,15.0,32.8024389337,258.0,107.475578621,249.0,107.051389529,9.0,26.9258240357,52.0,60.0333240792,0.0,24.4948974278,0.0,24.4948974278,52.0,60.0333240792,364.0,142.348164723,21.0,31.304951685,343.0,140.160622145,105.0,85.375640554,39.0,48.2078831728,66.0,73.1710325197,21.0,29.6816441593,2.0,23.1516738056
Larimer,45,379.0,94.302704097,136.0,55.226805086,0.0,20.0,0.0,20.0,0.0,20.0,0.0,20.0,3.0,18.0277563773,5.0,19.0787840284,5.0,19.0787840283,20.0,29.3428015023,20.0,29.3428015023,0.0,20.0,4.0,18.3303027798,0.0,20.0,0.0,20.0,0.0,20.0,18.0,18.1659021246,0.0,20.0,0.0,20.0,18.0,18.1659021246,25.0,19.4935886896,16.0,20.5182845287,9.0,16.8819430161,51.0,49.1426495012,0.0,20.0,51.0,49.1426495012,5.0,19.0787840284,0.0,20.0,243.0,58.7367006224,0.0,20.0,0.0,20.0,0.0,20.0,5.0,19.0787840284,17.0,25.0,0.0,20.0,11.0,15.1327459504,6.0,19.0787840283,0.0,20.0,6.0,19.0787840283,24.0,32.0780298647,29.0,19.0262975904,29.0,19.0262975904,0.0,20.0,23.0,22.4722050542,5.0,18.6815416922,0.0,20.0,18.0,21.7715410571,114.0,49.0509938737,29.0,26.9814751265,85.0,42.8719022205,5.0,18.6815416923,0.0,20.0,5.0,18.6815416923,3.0,17.7763888346,6.0,18.6815416922
Lincoln Place,46,1562.0,300.063326649,889.0,221.456542012,0.0,22.360679775,0.0,22.360679775,0.0,22.360679775,138.0,98.0459076147,8.0,23.8537208838,7.0,23.3238075794,118.0,55.7673739744,69.0,55.8300994088,52.0,52.744667977,17.0,26.9072480942,28.0,27.3130005674,46.0,41.6893271713,46.0,41.6893271713,0.0,22.360679775,97.0,62.6178888178,40.0,37.6430604494,0.0,22.360679775,57.0,53.5256947643,104.0,59.5902676618,58.0,41.3037528561,46.0,47.3919824443,70.0,51.7397332812,0.0,22.360679775,70.0,51.7397332812,40.0,36.235341864,164.0,84.6817571853,673.0,137.60450574,0.0,22.360679775,0.0,22.360679775,0.0,22.360679775,7.0,23.3238075794,16.0,25.7875939164,6.0,22.360679775,58.0,41.0609303353,20.0,36.0555127547,20.0,36.0555127547,0.0,22.360679775,0.0,22.360679775,95.0,55.7673739744,95.0,55.7673739744,0.0,22.360679775,30.0,32.2490309932,16.0,29.7321374946,0.0,22.360679775,14.0,25.6124969497,250.0,79.8185442112,59.0,50.3090449125,191.0,64.598761598,108.0,63.4113554499,0.0,22.360679775,108.0,63.4113554499,67.0,45.2769256906,16.0,24.8394846967
Lincoln-Lemington-Belmar,47,1613.0,226.417755488,713.0,153.935051239,10.0,23.4307490277,5.0,24.4948974278,5.0,23.4307490277,23.0,27.8926513619,68.0,52.6212884677,19.0,25.3377189187,37.0,32.5729949498,19.0,30.6757233004,19.0,30.6757233004,0.0,24.4948974278,0.0,24.4948974278,69.0,49.0204039151,25.0,27.440845468,44.0,47.4341649025,77.0,47.3075046901,11.0,23.0217288664,0.0,24.4948974278,66.0,47.1274866718,246.0,96.9123315167,60.0,36.2629287288,186.0,93.0859817588,109.0,56.3116329013,25.0,33.1209903234,84.0,49.3051721424,23.0,29.4618397253,13.0,26.9258240357,900.0,154.084392461,0.0,24.4948974278,0.0,24.4948974278,0.0,24.4948974278,0.0,24.4948974278,47.0,38.0131556174,0.0,24.4948974278,60.0,42.7784992724,20.0,28.0891438104,20.0,28.0891438104,0.0,24.4948974278,5.0,24.1039415864,54.0,34.7850542618,42.0,34.205262753,12.0,24.1039415863,78.0,49.8196748284,20.0,31.8119474412,0.0,24.4948974278,58.0,46.0543157587,507.0,118.334272297,130.0,56.338264084,377.0,103.735239915,65.0,41.4849370254,15.0,31.3687742827,50.0,36.5650105975,41.0,39.2683078321,23.0,25.3377189187
Lower Lawrenceville,48,1415.0,232.086190886,768.0,162.373027317,0.0,14.1421356237,0.0,14.1421356237,0.0,14.1421356237,30.0,38.3275357935,84.0,55.9732078766,77.0,67.2011904656,66.0,46.2385120868,19.0,22.8473193176,19.0,22.8473193176,0.0,14.1421356237,47.0,46.4865571967,46.0,32.8024389337,26.0,24.4131112315,20.0,25.079872408,70.0,48.5489443758,31.0,28.8444102037,10.0,18.0277563773,29.0,35.1140997322,127.0,55.4436651025,54.0,34.8281495345,73.0,50.2493781056,124.0,71.4002801115,10.0,18.0277563773,114.0,70.2139587262,38.0,40.249223595,40.0,41.1096095822,647.0,125.255738392,0.0,14.1421356237,0.0,14.1421356237,0.0,14.1421356237,0.0,14.1421356237,52.0,35.3836120259,0.0,14.1421356237,116.0,74.6257328272,8.0,15.6204993518,8.0,15.6204993518,0.0,14.1421356237,0.0,14.1421356237,0.0,14.1421356237,0.0,14.1421356237,0.0,14.1421356237,79.0,40.0,63.0,40.6078810085,0.0,14.1421356237,16.0,16.2788205961,242.0,87.3212459829,56.0,38.4837628098,186.0,80.4487414445,63.0,45.1884941108,0.0,14.1421356237,63.0,45.1884941108,61.0,47.539457296,26.0,21.9544984001
Manchester,49,1013.0,201.457191482,558.0,165.701538919,50.0,47.0744091838,0.0,14.1421356237,50.0,47.0744091838,74.0,97.0824391947,50.0,35.3836120259,0.0,14.1421356237,66.0,44.598206242,9.0,19.7230829233,9.0,19.7230829233,0.0,14.1421356237,8.0,15.6204993518,53.0,36.0693775937,43.0,33.4215499341,10.0,17.2046505341,75.0,61.8142378421,53.0,51.9711458407,0.0,14.1421356237,22.0,29.7321374946,67.0,39.5979797464,32.0,26.2488094968,35.0,29.5296461205,94.0,56.3648826842,40.0,36.6742416418,54.0,41.3400532172,1.0,10.1980390272,11.0,12.7279220614,455.0,94.2019108086,0.0,14.1421356237,0.0,14.1421356237,0.0,14.1421356237,12.0,20.591260282,0.0,14.1421356237,0.0,14.1421356237,26.0,32.5729949498,21.0,29.1204395571,21.0,29.1204395571,0.0,14.1421356237,17.0,20.0,21.0,19.7230829233,21.0,19.7230829233,0.0,14.1421356237,53.0,38.8973006776,18.0,20.6155281281,0.0,14.1421356237,35.0,32.5576411922,227.0,84.6286003665,49.0,38.0131556175,178.0,78.8923316933,22.0,23.4307490277,10.0,18.0277563773,12.0,20.591260282,31.0,28.8444102037,25.0,24.0831891576
Marshall-Shadeland,50,1732.0,297.365095463,766.0,165.526432934,5.0,21.5406592286,5.0,21.5406592286,0.0,22.360679775,65.0,57.4978260459,52.0,53.1224999412,11.0,21.9317121995,57.0,42.1426150115,106.0,103.290851483,96.0,102.18121158,10.0,26.2488094968,17.0,28.2842712474,50.0,39.5094925303,17.0,32.8024389337,33.0,31.384709653,104.0,53.5630469634,33.0,29.6310647801,0.0,22.360679775,71.0,46.872166581,164.0,94.8156105291,48.0,35.0,116.0,89.861003778,48.0,39.7743636027,39.0,37.6430604495,9.0,24.4131112314,63.0,59.9583188557,24.0,30.8220700149,966.0,198.715877574,9.0,25.0,0.0,22.360679775,9.0,25.0,28.0,45.6179789118,50.0,55.2539591342,21.0,30.4795013083,156.0,73.3280301112,47.0,52.0096144958,47.0,52.0096144958,0.0,22.360679775,0.0,22.360679775,116.0,61.3432962923,116.0,61.3432962923,0.0,22.360679775,31.0,33.1209903234,31.0,33.1209903234,0.0,22.360679775,0.0,22.360679775,355.0,111.628849318,59.0,34.5108678534,296.0,106.691143025,56.0,48.6929152958,17.0,27.5862284483,39.0,45.9347363114,37.0,35.1283361405,60.0,72.0694109869
Middle Hill,51,694.0,191.261600955,240.0,110.027269347,0.0,17.3205080757,0.0,17.3205080757,0.0,17.3205080757,6.0,17.3205080757,6.0,13.1909059583,0.0,17.3205080757,6.0,16.2480768092,15.0,17.1464281995,15.0,17.1464281995,0.0,17.3205080757,0.0,17.3205080757,5.0,16.2480768092,5.0,16.2480768092,0.0,17.3205080757,53.0,67.0373030483,6.0,16.7630546142,0.0,17.3205080757,47.0,66.3777071011,55.0,64.745656225,26.0,59.9749947895,29.0,28.6356421265,44.0,39.5727178749,0.0,17.3205080757,44.0,39.5727178749,45.0,44.5196585791,5.0,16.2480768093,454.0,118.528477591,0.0,17.3205080757,0.0,17.3205080757,0.0,17.3205080757,0.0,17.3205080757,5.0,16.2480768092,4.0,15.3622914957,56.0,37.6563407675,28.0,34.7131099154,28.0,34.7131099154,0.0,17.3205080757,4.0,15.779733838,46.0,36.9323706252,46.0,36.9323706252,0.0,17.3205080757,42.0,45.265881191,37.0,44.3170396123,0.0,17.3205080757,5.0,15.779733838,188.0,65.5667598711,21.0,17.0293863659,167.0,64.1014820421,38.0,35.902646142,0.0,17.3205080757,38.0,35.902646142,20.0,18.1659021246,23.0,34.0734500748
Morningside,52,1753.0,243.727306636,899.0,169.626059319,0.0,20.0,0.0,20.0,0.0,20.0,75.0,54.0092584656,42.0,38.5875627632,25.0,27.2946881279,102.0,56.5243310442,84.0,41.0609303353,68.0,37.1079506306,16.0,21.2132034355,9.0,22.9128784748,89.0,67.6017751246,39.0,35.4118624192,50.0,59.0762219509,66.0,39.0640499692,48.0,33.0756708171,0.0,20.0,18.0,27.2213151776,184.0,67.6165660175,91.0,51.5751878329,93.0,44.1021541425,81.0,75.1664818919,0.0,20.0,81.0,75.1664818919,48.0,34.7706773014,94.0,61.6279157525,854.0,146.748083463,0.0,20.0,0.0,20.0,0.0,20.0,15.0,28.0,0.0,20.0,0.0,20.0,115.0,68.1028633759,13.0,20.0499376558,0.0,20.0,13.0,20.0499376558,4.0,18.6815416922,136.0,61.4410286373,91.0,50.8035431835,45.0,38.1313519298,86.0,48.3528696149,61.0,41.3521462563,0.0,20.0,25.0,27.8926513619,356.0,106.967284718,110.0,54.3415126768,246.0,92.005434622,69.0,41.8927201313,14.0,21.0713075057,55.0,38.7943294825,50.0,51.9711458407,10.0,19.2353840616
Mount Oliver Borough,53,1242.0,239.899979158,618.0,147.071411227,12.0,22.6715680975,0.0,20.0,12.0,22.6715680975,66.0,35.721142199,55.0,37.9605057922,27.0,45.4312667664,34.0,28.5131548588,99.0,58.1979381078,99.0,58.1979381078,0.0,20.0,11.0,24.269322199,0.0,20.0,0.0,20.0,0.0,20.0,54.0,38.6522961802,38.0,36.4005494464,0.0,20.0,16.0,23.8537208838,44.0,37.2692903071,0.0,20.0,44.0,37.2692903071,181.0,91.0823802939,20.0,26.1725046566,161.0,83.862983491,20.0,27.0185121722,15.0,22.1359436212,624.0,149.036908181,0.0,20.0,0.0,20.0,0.0,20.0,0.0,20.0,0.0,20.0,0.0,20.0,92.0,49.6890329952,23.0,27.3678643668,23.0,27.3678643668,0.0,20.0,7.0,20.5182845287,103.0,72.3602100605,82.0,69.9499821301,21.0,24.248711306,93.0,50.4182506638,26.0,27.2946881279,0.0,20.0,67.0,46.2601340248,192.0,73.4098086089,48.0,48.218253805,144.0,59.1354377679,79.0,61.8546683768,0.0,20.0,79.0,61.8546683768,20.0,27.0185121722,15.0,25.7099202644
Mount Washington,54,5102.0,455.935302428,2699.0,320.487129226,15.0,29.5465734054,1.0,28.3548937576,14.0,31.1287648325,178.0,70.8660708661,275.0,105.161780129,65.0,43.6233882225,301.0,110.616454472,122.0,59.8748695196,87.0,51.1859355683,35.0,44.5533388199,66.0,47.0425339453,209.0,77.4532116829,172.0,70.4414650615,37.0,43.2319326424,311.0,98.4073168011,181.0,73.1436941917,0.0,29.9999999999,130.0,72.6429624946,412.0,110.480767557,185.0,82.0,227.0,73.7902432575,548.0,153.248164752,144.0,80.454956342,404.0,134.111893581,112.0,75.1731334985,85.0,63.2297398381,2403.0,285.133302158,15.0,33.5261092285,0.0,29.9999999999,15.0,33.5261092285,37.0,48.9897948557,116.0,66.0227233609,55.0,61.6765757805,306.0,138.264239772,37.0,32.9545141066,37.0,32.9545141066,0.0,29.9999999999,64.0,51.0392006206,247.0,90.498618774,247.0,90.498618774,0.0,29.9999999999,285.0,88.3685464405,184.0,67.4166151628,0.0,29.9999999999,101.0,63.0951662174,637.0,131.852189971,190.0,75.1731334986,447.0,109.338922621,407.0,120.648249055,96.0,68.3593446428,311.0,102.019605959,82.0,64.7919748118,115.0,60.29096118
Mt. Oliver,55,306,78,121,41,5,7,0,10,5,7,23,28,6,7,0,10,12,12,18,20,18,20,0,10,0,10,0,10,0,10,0,10,8,9,4,7,0,10,4,6,24,18,16,16,8,8,25,21,0,10,25,21,0,10,0,10,185,69,0,10,0,10,0,10,9,9,4,7,0,10,27,27,0,10,0,10,0,10,0,10,9,9,9,9,0,10,13,12,8,9,0,10,5,8,61,34,9,9,52,33,31,33,0,10,31,33,28,24,3,5
New Homestead,56,475,77,242,42,0,10,0,10,0,10,8,9,11,18,0,10,18,15,34,25,20,18,14,17,13,14,5,7,0,10,5,7,16,16,12,14,0,10,4,8,9,11,9,11,0,10,5,9,5,9,0,10,35,34,88,36,233,63,0,10,0,10,0,10,3,5,0,10,0,10,38,37,0,10,0,10,0,10,0,10,21,18,21,18,0,10,6,10,6,10,0,10,0,10,109,53,37,30,72,34,17,12,0,10,17,12,25,22,14,13
North Oakland,57,3212.0,354.151097697,1421.0,248.414975395,0.0,24.4948974278,0.0,24.4948974278,0.0,24.4948974278,16.0,28.0713376953,49.0,44.2605919527,8.0,27.4954541697,107.0,58.5747385824,13.0,31.3687742827,0.0,24.4948974278,13.0,31.3687742827,38.0,35.1994318136,85.0,55.3534100124,39.0,39.3573373084,46.0,43.4971263418,162.0,82.3286098511,149.0,80.5791536317,0.0,24.4948974278,13.0,26.776855678,773.0,205.175534604,685.0,200.149943792,88.0,46.5617869073,58.0,39.3192065027,14.0,29.3428015022,44.0,34.3220046035,80.0,55.3443764082,32.0,30.7245829915,1791.0,267.527568673,0.0,24.4948974278,0.0,24.4948974278,0.0,24.4948974278,20.0,36.6196668472,24.0,37.9473319219,4.0,23.4307490277,216.0,93.8616002421,16.0,28.7054001889,16.0,28.7054001889,0.0,24.4948974278,5.0,23.1516738056,43.0,54.295487842,43.0,54.295487842,0.0,24.4948974278,85.0,54.7631262804,79.0,54.5710545986,0.0,24.4948974278,6.0,24.9198715887,900.0,199.6697273,660.0,158.398232313,240.0,110.177130113,419.0,137.985506485,163.0,76.9805170157,256.0,106.442472726,42.0,37.8153408024,17.0,31.4006369362
North Shore,58,178.0,54.918120871,102.0,46.0977222865,0.0,14.1421356237,0.0,14.1421356237,0.0,14.1421356237,13.0,18.0277563773,4.0,12.2065556157,0.0,14.1421356237,19.0,23.2594066992,9.0,18.0277563773,9.0,18.0277563773,0.0,14.1421356237,0.0,14.1421356237,17.0,20.591260282,17.0,20.591260282,0.0,14.1421356237,10.0,18.0277563773,10.0,18.0277563773,0.0,14.1421356237,0.0,14.1421356237,21.0,26.0,0.0,14.1421356237,21.0,26.0,0.0,14.1421356237,0.0,14.1421356237,0.0,14.1421356237,0.0,14.1421356237,9.0,18.0277563773,76.0,36.4005494464,0.0,14.1421356237,0.0,14.1421356237,0.0,14.1421356237,0.0,14.1421356237,0.0,14.1421356237,0.0,14.1421356237,9.0,18.0277563773,0.0,14.1421356237,0.0,14.1421356237,0.0,14.1421356237,0.0,14.1421356237,4.0,11.6619037897,4.0,11.6619037897,0.0,14.1421356237,16.0,19.7230829233,16.0,19.7230829233,0.0,14.1421356237,0.0,14.1421356237,20.0,21.4709105536,0.0,14.1421356237,20.0,21.4709105536,18.0,29.7321374946,0.0,14.1421356237,18.0,29.7321374946,9.0,18.0277563773,0.0,14.1421356237
Northview Heights,59,251,72,120,63,0,10,0,10,0,10,0,10,12,13,0,10,30,32,0,10,0,10,0,10,18,28,0,10,0,10,0,10,0,10,0,10,0,10,0,10,20,26,6,9,14,24,37,50,0,10,37,50,3,6,0,10,131,63,0,10,0,10,0,10,0,10,5,8,0,10,24,30,21,24,21,24,0,10,0,10,3,7,3,7,0,10,0,10,0,10,0,10,0,10,24,23,6,9,18,18,43,45,6,9,37,44,0,10,11,11
Oakwood,60,520,95,253,54,7,8,4,6,3,6,55,34,10,11,41,32,20,19,3,5,0,10,3,5,17,15,49,41,49,41,0,10,12,10,3,5,0,10,9,9,4,6,4,6,0,10,0,10,0,10,0,10,4,6,31,19,267,57,0,10,0,10,0,10,0,10,26,25,25,22,31,26,11,17,11,17,0,10,6,9,52,37,52,37,0,10,17,16,17,16,0,10,0,10,58,27,44,24,14,13,0,10,0,10,0,10,39,26,2,5
Overbrook,61,1700.0,199.602104197,896.0,120.747670785,6.0,22.360679775,6.0,22.360679775,0.0,22.360679775,98.0,41.9285105865,72.0,35.2987251895,16.0,19.4679223339,96.0,56.3914887195,99.0,45.8911756223,68.0,29.5634909982,31.0,40.3112887416,18.0,20.5182845287,40.0,26.9072480942,40.0,26.9072480942,0.0,22.360679775,70.0,33.8526217597,41.0,24.7991935353,0.0,22.360679775,29.0,28.4780617318,122.0,40.6448028658,63.0,34.4383507155,59.0,28.0713376952,154.0,68.7240860252,19.0,25.7875939164,135.0,65.8710862215,28.0,35.1567916625,77.0,36.6606055596,804.0,128.868149672,0.0,22.360679775,0.0,22.360679775,0.0,22.360679775,4.0,20.8806130178,29.0,24.4131112315,5.0,21.1896201004,147.0,67.7716754994,21.0,23.0867927612,21.0,23.0867927612,0.0,22.360679775,28.0,33.6005952328,48.0,29.0860791445,44.0,28.1069386451,4.0,21.1896201004,50.0,24.1867732449,27.0,22.4944437584,0.0,22.360679775,23.0,20.2237484161,290.0,74.699397588,76.0,29.9666481275,214.0,70.2424373153,109.0,46.8401537145,34.0,23.9582971014,75.0,42.8835632848,42.0,26.2297540972,31.0,23.8537208838
Perry North,62,2068.0,233.465200833,1028.0,142.133739837,0.0,24.4948974278,0.0,24.4948974278,0.0,24.4948974278,77.0,48.0416485979,76.0,42.6731765866,63.0,55.1996376799,49.0,29.8328677804,69.0,39.1152144312,63.0,38.0788655293,6.0,24.1039415864,36.0,36.0277670693,67.0,45.0,16.0,28.4604989415,51.0,39.8748040747,121.0,49.5176736126,63.0,38.4057287394,0.0,24.4948974278,58.0,34.7419055321,245.0,79.1264810287,81.0,40.5709255502,164.0,69.4838110642,138.0,54.2217668469,17.0,27.2029410174,121.0,51.4198405287,30.0,27.3861278753,57.0,30.3315017763,1040.0,169.050288376,0.0,24.4948974278,0.0,24.4948974278,0.0,24.4948974278,9.0,25.8650343127,16.0,24.4948974278,6.0,23.7486841741,93.0,41.521078984,36.0,43.3128156555,36.0,43.3128156555,0.0,24.4948974278,29.0,34.0147027034,88.0,52.9528091795,81.0,52.5261839467,7.0,24.4948974278,113.0,76.544104933,50.0,40.718546143,0.0,24.4948974278,63.0,68.5711309517,481.0,109.918151367,141.0,55.9821400091,340.0,92.5742944882,74.0,45.2216762184,5.0,24.1039415864,69.0,45.4312667664,45.0,27.4226184017,50.0,37.8813938498
Perry South,63,1181.0,221.630322835,478.0,126.158630303,0.0,24.4948974278,0.0,24.4948974278,0.0,24.4948974278,34.0,35.0142828,49.0,56.0892146495,0.0,24.4948974278,59.0,52.9433659678,14.0,26.83281573,14.0,26.83281573,0.0,24.4948974278,11.0,23.8537208838,34.0,27.2580263409,16.0,25.4165300543,18.0,24.6779253585,58.0,40.2119385258,2.0,22.7156333832,0.0,24.4948974278,56.0,40.2119385258,81.0,46.270941205,17.0,28.7054001888,64.0,42.4381903479,101.0,64.5445582525,64.0,48.8364617883,37.0,47.1699056603,16.0,24.5356882927,21.0,27.7488738511,703.0,162.252889034,0.0,24.4948974278,0.0,24.4948974278,0.0,24.4948974278,3.0,22.7156333832,57.0,50.8428952756,0.0,24.4948974278,83.0,50.7838557024,5.0,23.4307490277,5.0,23.4307490277,0.0,24.4948974278,23.0,34.292856399,64.0,56.0802995712,64.0,56.0802995712,0.0,24.4948974278,69.0,52.2494019104,23.0,30.347981811,0.0,24.4948974278,46.0,48.218253805,301.0,105.985848112,61.0,39.7114593033,240.0,94.1222609163,36.0,36.6742416418,11.0,30.0,25.0,29.4108823397,31.0,43.2319326424,31.0,42.3556371691
Point Breeze,64,3251.0,250.734919786,1693.0,149.519229533,0.0,26.4575131106,0.0,26.4575131106,0.0,26.4575131106,57.0,40.5709255501,129.0,47.2863616701,23.0,28.9482296522,148.0,66.8804904288,67.0,40.2864741569,44.0,35.7071421427,23.0,29.0860791445,15.0,28.2134719593,94.0,40.4227658629,56.0,31.064449134,38.0,29.9499582638,308.0,68.1762421963,290.0,65.3911308971,8.0,27.7308492478,10.0,26.8514431641,576.0,89.6660470859,395.0,77.1427248677,181.0,55.2358579186,155.0,64.1716448286,64.0,34.7850542619,91.0,55.4797260268,75.0,44.3846820424,46.0,31.559467676,1558.0,152.295764879,8.0,27.276363394,8.0,27.276363394,0.0,26.4575131106,26.0,36.7423461417,22.0,28.5306852353,10.0,29.8161030318,81.0,41.1096095822,15.0,26.495282599,15.0,26.495282599,0.0,26.4575131106,17.0,29.8663690461,146.0,50.8133840636,105.0,46.8294778959,41.0,31.7490157327,144.0,51.0196040753,118.0,47.6550102298,0.0,26.4575131106,26.0,27.6043474837,911.0,114.275981728,502.0,89.308454247,409.0,86.2496376805,50.0,32.8329103187,18.0,25.4754784057,32.0,32.2800247832,115.0,55.7225268631,13.0,25.099800796
Point Breeze North,65,1098.0,194.218948612,479.0,104.938076979,0.0,17.3205080757,0.0,17.3205080757,0.0,17.3205080757,24.0,29.4108823397,14.0,25.3179778023,0.0,17.3205080757,44.0,34.7994252826,41.0,52.9244744896,41.0,52.9244744896,0.0,17.3205080757,11.0,21.354156504,44.0,35.4400902933,12.0,23.6854385646,32.0,29.478805946,138.0,58.2494635169,124.0,54.7448627727,0.0,17.3205080757,14.0,26.1533936613,120.0,62.1047502209,75.0,48.1144468949,45.0,39.102429592,26.0,30.2985148151,11.0,22.1133443875,15.0,27.0,17.0,23.3452350599,0.0,17.3205080757,619.0,151.429851746,0.0,17.3205080757,0.0,17.3205080757,0.0,17.3205080757,0.0,17.3205080757,0.0,17.3205080757,13.0,25.3179778023,32.0,34.292856399,0.0,17.3205080757,0.0,17.3205080757,0.0,17.3205080757,0.0,17.3205080757,41.0,29.883105595,19.0,22.2261107709,22.0,28.0178514523,34.0,29.0,29.0,26.9072480941,0.0,17.3205080757,5.0,16.2480768092,374.0,120.706255016,123.0,60.0166643525,251.0,111.022520238,68.0,54.5252235209,31.0,29.0860791445,37.0,46.2817458616,35.0,33.7786915081,22.0,30.4795013083
Polish Hill,66,849.0,163.266653056,476.0,110.136279218,0.0,14.1421356237,0.0,14.1421356237,0.0,14.1421356237,31.0,24.1660919472,65.0,42.0594816896,45.0,39.6232255123,26.0,21.6333076528,23.0,20.6155281281,23.0,20.6155281281,0.0,14.1421356237,52.0,36.0555127546,15.0,18.8679622641,15.0,18.8679622641,0.0,14.1421356237,33.0,18.6010752377,20.0,15.8113883008,0.0,14.1421356237,13.0,14.2126704036,93.0,49.3963561409,79.0,47.539457296,14.0,14.3178210633,60.0,43.6577599059,7.0,14.1421356237,53.0,41.7851648316,13.0,13.0384048104,20.0,20.591260282,373.0,88.6848352313,3.0,12.2065556157,0.0,14.1421356237,3.0,12.2065556157,5.0,12.8062484749,14.0,15.8113883008,0.0,14.1421356237,63.0,42.7551166529,6.0,12.8062484749,6.0,12.8062484749,0.0,14.1421356237,5.0,13.4536240471,5.0,12.8062484749,5.0,12.8062484749,0.0,14.1421356237,52.0,25.6124969497,43.0,23.6008474424,4.0,12.2065556157,5.0,12.8062484749,117.0,49.244289009,47.0,39.2173431023,70.0,31.2409987036,74.0,63.5609943283,5.0,12.8062484749,69.0,63.1506136154,24.0,16.9705627485,5.0,12.8062484749
Regent Square,67,520,66,278,47,0,10,0,10,0,10,0,10,26,18,9,13,22,18,6,8,6,8,0,10,12,13,27,20,23,24,4,8,63,31,57,30,0,10,6,9,82,30,70,26,12,12,11,12,6,9,5,9,5,8,15,15,242,44,0,10,0,10,0,10,6,8,11,12,6,9,0,10,0,10,0,10,0,10,9,13,5,8,0,10,5,8,38,26,38,26,0,10,0,10,146,42,60,26,86,35,0,10,0,10,0,10,13,13,8,13
Ridgemont,68,176,67,64,34,0,10,0,10,0,10,10,14,0,10,0,10,7,11,13,16,9,15,4,6,0,10,6,10,6,10,0,10,12,20,0,10,0,10,12,20,0,10,0,10,0,10,16,23,0,10,16,23,0,10,0,10,112,45,0,10,0,10,0,10,0,10,24,27,0,10,0,10,0,10,0,10,0,10,0,10,2,5,2,5,0,10,30,27,4,6,0,10,26,26,56,34,9,15,47,32,0,10,0,10,0,10,0,10,0,10
Shadyside,69,8409.0,648.206757138,4566.0,511.235757748,70.0,70.7248188404,0.0,37.4165738677,70.0,70.7248188404,81.0,61.8789140177,425.0,118.659175793,50.0,50.1198563445,208.0,95.5248658727,97.0,70.2281994645,51.0,48.5592421687,46.0,62.3618473105,155.0,119.193120607,368.0,125.011999424,300.0,114.738833879,68.0,57.0175411606,996.0,289.174687689,952.0,283.825650708,0.0,37.4165738677,44.0,52.3163454382,1661.0,246.497464491,1055.0,212.880248028,606.0,136.290131705,309.0,103.561575887,85.0,58.9830484122,224.0,89.8776946745,101.0,63.1585306985,45.0,45.1884941108,3843.0,383.925774076,13.0,41.2310562561,0.0,37.4165738677,13.0,41.2310562561,28.0,45.6179789119,218.0,98.3005595102,17.0,44.4522215419,296.0,112.107091657,63.0,54.1940956193,37.0,47.5920161371,26.0,45.519226707,100.0,65.8407168855,181.0,100.429079454,162.0,99.1866926558,19.0,40.8411557133,424.0,130.518197964,381.0,126.206180514,19.0,39.3573373084,24.0,42.320207939,2119.0,287.036583034,1125.0,210.791366047,994.0,195.593967189,178.0,74.8531896449,50.0,50.0599640431,128.0,67.3201307188,126.0,53.1224999411,80.0,61.4328902136
Sheraden,70,2435.0,326.297410348,1217.0,226.488410299,0.0,24.4948974278,0.0,24.4948974278,0.0,24.4948974278,141.0,89.0617763128,175.0,102.347447452,17.0,31.3687742827,157.0,83.258633186,81.0,49.5883050729,58.0,41.3521462562,23.0,32.4499614791,0.0,24.4948974278,39.0,43.1045241245,24.0,36.4005494464,15.0,32.0780298647,162.0,84.8469209812,49.0,47.0956473573,0.0,24.4948974278,113.0,73.3825592358,179.0,87.5728268358,118.0,78.006409993,61.0,45.1331363856,111.0,75.0666370634,25.0,30.5777697029,86.0,64.1326749793,27.0,29.9332590941,128.0,68.5346627627,1218.0,204.26942992,0.0,24.4948974278,0.0,24.4948974278,0.0,24.4948974278,0.0,24.4948974278,52.0,75.531450403,0.0,24.4948974278,82.0,47.8957200593,92.0,68.5054742338,43.0,44.5421149025,49.0,57.5239080731,94.0,83.2225930863,137.0,84.5813218151,104.0,76.2233560006,33.0,39.1152144312,100.0,52.7730992078,59.0,43.5315977193,0.0,24.4948974278,41.0,33.181320046,525.0,142.439460825,110.0,64.9461315245,415.0,131.677636674,103.0,68.1615727518,0.0,24.4948974278,103.0,68.1615727518,7.0,24.4948974278,26.0,26.8514431643
South Oakland,71,1432.0,283.674108794,854.0,252.168594397,0.0,20.0,0.0,20.0,0.0,20.0,55.0,52.4213696883,6.0,20.5182845287,10.0,22.2710574513,68.0,43.4741302386,25.0,35.5105618091,19.0,32.9241552663,6.0,20.5182845286,33.0,47.7493455452,56.0,51.4392845985,47.0,50.764160586,9.0,21.6564078277,150.0,92.3904756996,69.0,83.0963296422,0.0,20.0,81.0,57.6281181369,277.0,118.852850197,202.0,110.512442738,75.0,45.44227107,128.0,63.3561362459,26.0,32.7414110875,102.0,56.338264084,31.0,45.4312667664,15.0,27.2213151776,578.0,145.003448236,0.0,20.0,0.0,20.0,0.0,20.0,8.0,21.6564078277,0.0,20.0,13.0,28.0000000001,44.0,40.1621712561,0.0,20.0,0.0,20.0,0.0,20.0,22.0,32.0780298647,53.0,61.8465843843,53.0,61.8465843843,0.0,20.0,40.0,29.5465734054,21.0,24.9198715887,0.0,20.0,19.0,25.7681974535,169.0,59.9916660879,72.0,41.6653333121,97.0,46.7974358272,200.0,101.187943946,17.0,23.2379000772,183.0,99.8048095033,12.0,25.7099202644,17.0,32.0780298646
South Shore,72,12,14,4,6,0,10,0,10,0,10,0,10,0,10,0,10,0,10,4,6,4,6,0,10,0,10,0,10,0,10,0,10,0,10,0,10,0,10,0,10,0,10,0,10,0,10,0,10,0,10,0,10,0,10,0,10,8,13,0,10,0,10,0,10,0,10,0,10,0,10,0,10,0,10,0,10,0,10,0,10,0,10,0,10,0,10,0,10,0,10,0,10,0,10,8,13,0,10,8,13,0,10,0,10,0,10,0,10,0,10
South Side Flats,73,3976.0,508.927303257,2192.0,405.558873655,10.0,28.0891438104,0.0,24.4948974278,10.0,28.0891438104,85.0,71.4282857138,170.0,83.9166252896,15.0,32.0780298647,376.0,145.715476185,75.0,52.7920448553,44.0,46.4004310324,31.0,34.1467421579,46.0,43.4626276242,185.0,92.2821759605,175.0,90.8405195934,10.0,28.0891438104,444.0,143.624510442,389.0,133.955216397,0.0,24.4948974278,55.0,53.3572862878,379.0,140.751554166,217.0,115.948264325,162.0,67.1937497094,129.0,84.746681351,38.0,40.5092582011,91.0,77.9615289742,66.0,49.9099188538,212.0,180.394013204,1784.0,357.519230252,31.0,41.5331193146,0.0,24.4948974278,31.0,41.5331193146,11.0,28.0891438104,58.0,45.0998891351,0.0,24.4948974278,239.0,130.889266176,13.0,29.9999999999,0.0,24.4948974278,13.0,29.9999999999,31.0,36.6196668472,224.0,94.3874991723,188.0,90.0055553841,36.0,40.249223595,398.0,246.708329816,355.0,239.077393327,0.0,24.4948974278,43.0,63.2613626157,524.0,128.10932831,158.0,74.7796763834,366.0,109.201648339,147.0,73.830887845,10.0,26.9258240357,137.0,71.4072825418,74.0,61.302528496,34.0,36.0277670693
South Side Slopes,74,2796.0,376.514275958,1872.0,334.935814747,30.0,34.4238289561,0.0,26.4575131106,30.0,34.4238289561,102.0,95.3572231139,120.0,69.1303117308,31.0,30.0333148354,271.0,111.38671375,82.0,69.1520064785,77.0,69.4118145563,5.0,25.7681974534,20.0,36.510272527,111.0,59.6322060635,65.0,52.7067358124,46.0,37.1348892552,236.0,91.5423399308,215.0,87.7268487978,8.0,28.7228132327,13.0,27.276363394,344.0,123.761868118,196.0,105.39449701,148.0,68.9420046126,455.0,141.173651933,149.0,78.6447709641,306.0,111.153047642,12.0,30.3973683072,58.0,48.2182538049,924.0,164.808980338,5.0,25.7681974534,0.0,26.4575131106,5.0,25.7681974534,0.0,26.4575131106,67.0,54.5343928177,7.0,26.4575131106,146.0,77.4790294209,10.0,24.7588368063,10.0,24.7588368063,0.0,26.4575131106,31.0,35.5105618091,76.0,45.3762052182,76.0,45.3762052182,0.0,26.4575131106,89.0,48.5592421688,50.0,39.1152144312,0.0,26.4575131106,39.0,38.3405790253,356.0,99.8999499499,119.0,64.1716448286,237.0,81.9634064689,83.0,51.7493961317,8.0,28.7228132327,75.0,50.5272203867,31.0,31.5277655408,23.0,31.9687347263
Spring Garden,75,427.0,102.078401241,237.0,75.2927619363,0.0,14.1421356237,0.0,14.1421356237,0.0,14.1421356237,51.0,37.6430604494,39.0,21.9544984001,5.0,14.1421356237,28.0,26.2488094968,15.0,17.4928556845,15.0,17.4928556845,0.0,14.1421356237,0.0,14.1421356237,0.0,14.1421356237,0.0,14.1421356237,0.0,14.1421356237,35.0,28.7923600978,0.0,14.1421356237,0.0,14.1421356237,35.0,28.7923600978,27.0,35.4400902933,0.0,14.1421356237,27.0,35.4400902933,27.0,26.9258240357,4.0,12.2065556157,23.0,26.0,4.0,11.6619037897,6.0,13.4536240471,190.0,45.607017004,0.0,14.1421356237,0.0,14.1421356237,0.0,14.1421356237,0.0,14.1421356237,18.0,14.2126704036,7.0,14.1421356237,24.0,18.6010752377,13.0,17.2046505341,13.0,17.2046505341,0.0,14.1421356237,0.0,14.1421356237,12.0,14.1421356237,12.0,14.1421356237,0.0,14.1421356237,0.0,14.1421356237,0.0,14.1421356237,0.0,14.1421356237,0.0,14.1421356237,86.0,37.5366487582,6.0,13.4536240471,80.0,36.7967389859,20.0,16.4012194669,0.0,14.1421356237,20.0,16.4012194669,5.0,12.2065556157,5.0,12.8062484749
Spring Hill-City View,76,992.0,174.851365451,399.0,99.5087935813,0.0,17.3205080757,0.0,17.3205080757,0.0,17.3205080757,90.0,54.1479454827,8.0,19.2093727123,33.0,27.3861278752,17.0,20.9761769634,17.0,21.5638586529,17.0,21.5638586529,0.0,17.3205080757,0.0,17.3205080757,17.0,21.6564078277,17.0,21.6564078277,0.0,17.3205080757,28.0,31.3209195267,5.0,17.3205080757,0.0,17.3205080757,23.0,29.4788059459,45.0,37.947331922,35.0,34.7706773014,10.0,20.6155281281,17.0,22.2261107709,8.0,19.2093727123,9.0,20.6155281281,75.0,51.0196040753,52.0,34.4963766213,593.0,129.344501236,0.0,17.3205080757,0.0,17.3205080757,0.0,17.3205080757,11.0,22.1133443875,0.0,17.3205080757,0.0,17.3205080757,65.0,60.2992537268,48.0,55.3985559379,48.0,55.3985559379,0.0,17.3205080757,8.0,19.8997487421,55.0,47.1380949976,55.0,47.1380949976,0.0,17.3205080757,24.0,24.1867732449,24.0,24.1867732449,0.0,17.3205080757,0.0,17.3205080757,257.0,71.0352025408,47.0,33.7194306002,210.0,64.3583716388,66.0,60.497933849,0.0,17.3205080757,66.0,60.497933849,19.0,25.3179778023,40.0,50.9705797495
Squirrel Hill North,77,5423.0,430.294085482,2916.0,308.878616934,7.0,32.3109888427,0.0,31.6227766016,7.0,32.3109888427,40.0,39.0384425919,115.0,61.3106842239,33.0,34.0440890611,150.0,74.5654075292,24.0,34.0734500748,15.0,32.6343377442,9.0,33.1058907145,56.0,38.3405790253,212.0,94.8630591958,174.0,89.8665677545,38.0,40.5462698654,608.0,127.859297667,553.0,126.653069446,12.0,35.5105618091,43.0,41.9761837236,1421.0,208.309865344,997.0,174.264167286,424.0,133.798355745,176.0,77.0324606903,74.0,55.3985559379,102.0,58.6429876455,50.0,40.5832477754,24.0,33.7342555868,2507.0,267.723738209,0.0,31.6227766016,0.0,31.6227766016,0.0,31.6227766016,9.0,33.5410196625,95.0,60.0000000001,28.0,46.0977222866,149.0,68.2495421231,9.0,31.1448230048,3.0,30.8058436015,6.0,31.9530906173,47.0,47.1805044483,106.0,54.3599116996,84.0,49.396356141,22.0,34.0734500747,197.0,65.7190992026,166.0,60.5475020129,7.0,32.3109888427,24.0,35.1994318135,1423.0,197.375277074,887.0,165.508307948,536.0,124.169239347,325.0,104.694794522,144.0,63.2850693293,181.0,88.8650662522,101.0,52.2685373816,18.0,33.8526217596
Squirrel Hill South,78,8145.0,577.343918303,4546.0,440.495175911,16.0,42.1426150115,16.0,42.1426150115,0.0,36.0555127546,136.0,86.6429454716,249.0,96.6695401872,101.0,64.2650760523,275.0,185.771364855,72.0,66.9850729641,48.0,62.713634881,24.0,43.0581002833,82.0,57.2887423496,254.0,114.656007257,154.0,75.2728370663,100.0,90.3935838431,891.0,211.407190039,771.0,197.46138863,7.0,36.3455636907,113.0,79.9624912068,1717.0,236.788935552,1165.0,195.376559494,552.0,150.439356553,511.0,193.258893715,136.0,103.508453762,375.0,165.145390488,133.0,76.7202711153,109.0,82.8975271043,3599.0,345.259322828,0.0,36.0555127546,0.0,36.0555127546,0.0,36.0555127546,0.0,36.0555127546,124.0,72.1941825911,53.0,59.0254182535,243.0,112.933608815,21.0,42.7200187267,13.0,39.9999999999,8.0,37.3630833845,119.0,69.4838110641,188.0,88.6397202161,130.0,81.2526922631,58.0,49.8698305592,265.0,96.8400743495,265.0,96.8400743495,0.0,36.0555127546,0.0,36.0555127546,2113.0,279.250783347,1119.0,202.264678083,994.0,211.433204582,260.0,116.288434507,109.0,72.124891681,151.0,97.0927391723,156.0,78.981010376,57.0,55.9732078767
St. Clair,79,105,59,65,36,0,10,0,10,0,10,9,14,8,8,0,10,6,8,0,10,0,10,0,10,0,10,0,10,0,10,0,10,6,16,0,10,0,10,6,16,28,30,28,30,0,10,4,6,0,10,4,6,4,7,0,10,40,31,0,10,0,10,0,10,0,10,0,10,0,10,0,10,4,6,0,10,4,6,0,10,15,14,15,14,0,10,0,10,0,10,0,10,0,10,21,27,0,10,21,27,0,10,0,10,0,10,0,10,0,10
Stanton Heights,80,2516.0,261.202986201,1212.0,173.026009606,56.0,57.7927331072,56.0,57.7927331072,0.0,20.0,124.0,72.2357252334,75.0,66.1437827766,48.0,39.306488014,48.0,35.80502758,66.0,36.7831483155,42.0,31.384709653,24.0,24.5967477525,30.0,28.930952283,72.0,54.1940956193,24.0,24.3310501212,48.0,51.4587213211,126.0,74.2832417171,58.0,47.349762407,0.0,20.0,68.0,59.9332962551,200.0,65.0153827952,126.0,55.2720544217,74.0,38.6134691526,135.0,60.9425959408,61.0,38.2230297072,74.0,46.032597146,99.0,48.8876262463,133.0,51.341990612,1304.0,151.878240706,20.0,25.495097568,20.0,25.495097568,0.0,20.0,0.0,20.0,59.0,47.244047244,0.0,20.0,68.0,37.6828873628,54.0,44.2040722106,47.0,43.965895874,7.0,20.5182845286,7.0,21.6564078277,157.0,82.5287828578,135.0,78.5811682275,22.0,29.8161030318,23.0,24.3104915623,6.0,19.519221296,0.0,20.0,17.0,24.6981780704,580.0,122.290637418,258.0,87.0804225988,322.0,94.2761899951,66.0,44.0,12.0,24.9799919936,54.0,39.9499687108,138.0,58.2494635168,132.0,66.0530090155
Strip District,81,614,79,360,62,8,12,0,10,8,12,0,10,70,38,0,10,13,16,14,9,7,10,7,10,7,10,22,16,22,16,0,10,102,51,95,50,0,10,7,10,83,48,46,40,37,25,23,25,0,10,23,25,9,12,9,14,254,54,0,10,0,10,0,10,0,10,7,11,0,10,35,27,28,24,28,24,0,10,15,16,22,19,7,10,15,16,50,40,32,38,9,12,9,13,57,31,21,19,36,25,8,11,0,10,8,11,24,19,8,11
Summer Hill,82,683,67,303,59,0,10,0,10,0,10,62,42,10,11,9,10,39,25,18,17,8,11,10,12,15,14,12,13,12,13,0,10,25,23,16,17,0,10,9,15,19,20,19,20,0,10,14,17,9,13,5,10,30,28,50,27,380,43,0,10,0,10,0,10,6,10,6,10,32,28,28,20,6,9,6,9,0,10,5,9,33,19,33,19,0,10,74,25,55,27,0,10,19,17,151,43,65,33,86,37,29,20,22,18,7,10,5,9,5,8
Swisshelm Park,83,738,93,414,91,0,10,0,10,0,10,5,8,23,16,4,6,19,14,26,22,10,11,16,19,5,7,29,19,16,14,13,12,60,26,38,22,0,10,22,17,132,58,73,54,59,28,60,48,41,47,19,17,19,14,32,25,324,47,0,10,0,10,0,10,0,10,4,6,10,11,44,26,0,10,0,10,0,10,0,10,17,20,17,20,0,10,30,24,30,24,0,10,0,10,129,39,53,23,76,31,32,23,15,19,17,15,31,19,27,20
Terrace Village,84,729.0,172.049411508,273.0,89.1739872384,0.0,17.3205080757,0.0,17.3205080757,0.0,17.3205080757,0.0,17.3205080757,9.0,18.547236991,16.0,30.4795013083,20.0,23.6008474424,6.0,16.7630546143,6.0,16.7630546143,0.0,17.3205080757,2.0,14.6969384567,16.0,23.6854385647,0.0,17.3205080757,16.0,23.6854385647,27.0,21.2132034356,15.0,19.3390796058,0.0,17.3205080757,12.0,16.1864140563,79.0,43.1508980208,37.0,25.7875939164,42.0,36.6196668472,75.0,58.7281874401,9.0,22.1133443875,66.0,58.7281874401,23.0,25.632011236,0.0,17.3205080757,456.0,135.650285662,0.0,17.3205080757,0.0,17.3205080757,0.0,17.3205080757,0.0,17.3205080757,8.0,19.2093727123,0.0,17.3205080757,57.0,40.5462698654,0.0,17.3205080757,0.0,17.3205080757,0.0,17.3205080757,0.0,17.3205080757,7.0,17.9164728672,7.0,17.9164728672,0.0,17.3205080757,101.0,61.4817045957,42.0,47.085029468,0.0,17.3205080757,59.0,35.902646142,188.0,79.605276207,54.0,51.1957029446,134.0,65.6734345074,81.0,46.9041575983,16.0,27.0,65.0,52.3450093132,0.0,17.3205080757,14.0,26.1533936613
Troy Hill,85,1237.0,214.149480504,700.0,143.22011032,0.0,14.1421356237,0.0,14.1421356237,0.0,14.1421356237,80.0,54.4058820349,82.0,47.0106370942,10.0,18.0277563773,129.0,87.2066511225,10.0,18.8679622641,10.0,18.8679622641,0.0,14.1421356237,6.0,15.6204993518,99.0,59.6154342432,54.0,32.6496554346,45.0,49.0306026885,30.0,27.7848879789,23.0,26.0,0.0,14.1421356237,7.0,17.2046505341,177.0,76.3216876124,43.0,29.206163733,134.0,74.0,31.0,28.7923600978,0.0,14.1421356237,31.0,28.7923600978,21.0,22.803508502,25.0,34.4818792991,537.0,123.239604024,0.0,14.1421356237,0.0,14.1421356237,0.0,14.1421356237,0.0,14.1421356237,6.0,14.1421356237,11.0,18.8679622641,32.0,37.1214223865,9.0,18.8679622641,0.0,14.1421356237,9.0,18.8679622641,7.0,15.6204993518,52.0,38.0788655293,52.0,38.0788655293,0.0,14.1421356237,86.0,43.0464865001,58.0,36.7695526217,0.0,14.1421356237,28.0,24.7588368063,205.0,68.0,40.0,46.1735855225,165.0,54.083269132,35.0,41.2310562562,0.0,14.1421356237,35.0,41.2310562562,58.0,76.6550715869,36.0,38.1182371051
Upper Hill,86,664.0,203.776838723,208.0,101.350875675,0.0,17.3205080757,0.0,17.3205080757,0.0,17.3205080757,15.0,28.7228132327,0.0,17.3205080757,0.0,17.3205080757,43.0,59.6992462264,0.0,17.3205080757,0.0,17.3205080757,0.0,17.3205080757,0.0,17.3205080757,22.0,29.5972971739,22.0,29.5972971739,0.0,17.3205080757,74.0,68.9492567038,8.0,21.3541565041,0.0,17.3205080757,66.0,67.8085540327,39.0,46.9574275275,7.0,17.3205080757,32.0,45.1331363856,0.0,17.3205080757,0.0,17.3205080757,0.0,17.3205080757,3.0,16.2480768093,12.0,28.7228132327,456.0,145.303131418,0.0,17.3205080757,0.0,17.3205080757,0.0,17.3205080757,0.0,17.3205080757,13.0,25.7293606605,8.0,19.2093727123,0.0,17.3205080757,3.0,16.7630546143,0.0,17.3205080757,3.0,16.7630546143,60.0,65.2456895128,3.0,15.779733838,0.0,17.3205080757,3.0,15.779733838,8.0,18.547236991,0.0,17.3205080757,0.0,17.3205080757,8.0,18.547236991,243.0,132.887170186,85.0,84.4097150807,158.0,108.420477771,49.0,57.7581163128,0.0,17.3205080757,49.0,57.7581163128,28.0,30.3315017763,41.0,55.8211429478
Upper Lawrenceville,87,1602.0,286.749019179,702.0,167.251307917,9.0,18.547236991,0.0,17.3205080757,9.0,18.547236991,64.0,50.5766744656,37.0,33.8230690506,8.0,18.547236991,32.0,28.9827534924,17.0,21.6794833887,17.0,21.6794833887,0.0,17.3205080757,12.0,22.8910462845,50.0,37.5898922584,45.0,36.9864840178,5.0,16.2480768093,144.0,72.9451848994,115.0,65.398776747,0.0,17.3205080757,29.0,34.9857113691,97.0,65.5896333272,27.0,32.939338184,70.0,56.338264084,136.0,76.0065786626,25.0,27.6767050062,111.0,70.6328535456,55.0,37.69615365,41.0,39.8748040747,900.0,215.355520013,0.0,17.3205080757,0.0,17.3205080757,0.0,17.3205080757,0.0,17.3205080757,66.0,39.1024295921,18.0,30.4795013083,147.0,84.9352694703,7.0,18.547236991,7.0,18.547236991,0.0,17.3205080757,0.0,17.3205080757,48.0,41.7133072292,7.0,17.9164728672,41.0,40.0998753115,34.0,38.2230297072,23.0,26.3818119166,0.0,17.3205080757,11.0,31.3687742827,381.0,121.86467905,90.0,53.1507290637,291.0,112.769676775,146.0,91.8803569867,67.0,79.2716847305,79.0,55.5157635271,53.0,43.3704968844,0.0,17.3205080757
West End,88,154,118,80,64,0,10,0,10,0,10,0,10,28,38,0,10,0,10,31,50,31,50,0,10,14,21,0,10,0,10,0,10,0,10,0,10,0,10,0,10,7,10,3,6,4,8,0,10,0,10,0,10,0,10,0,10,74,72,0,10,0,10,0,10,0,10,0,10,0,10,52,71,0,10,0,10,0,10,0,10,0,10,0,10,0,10,0,10,0,10,0,10,0,10,11,17,0,10,11,17,11,17,0,10,11,17,0,10,0,10
West Oakland,89,568.0,156.588633049,119.0,53.5350352573,0.0,14.1421356237,0.0,14.1421356237,0.0,14.1421356237,0.0,14.1421356237,31.0,27.0185121722,0.0,14.1421356237,9.0,12.0830459736,1.0,11.6619037897,1.0,11.6619037897,0.0,14.1421356237,21.0,26.0,0.0,14.1421356237,0.0,14.1421356237,0.0,14.1421356237,14.0,14.2126704036,2.0,11.6619037897,0.0,14.1421356237,12.0,12.7279220614,17.0,19.1049731745,13.0,17.1172427686,4.0,12.8062484749,14.0,19.1049731745,8.0,17.2046505341,6.0,16.4012194669,0.0,14.1421356237,12.0,19.7230829233,449.0,143.387586631,0.0,14.1421356237,0.0,14.1421356237,0.0,14.1421356237,0.0,14.1421356237,17.0,22.360679775,0.0,14.1421356237,40.0,42.1544778167,6.0,16.4012194669,6.0,16.4012194669,0.0,14.1421356237,9.0,13.9283882772,24.0,22.2036033112,18.0,20.591260282,6.0,16.4012194669,40.0,42.7551166529,21.0,22.4722050542,0.0,14.1421356237,19.0,37.3630833845,195.0,73.2461603089,77.0,46.872166581,118.0,59.1692487699,79.0,64.9384323802,25.0,36.4005494464,54.0,39.5600808897,21.0,36.2491379208,18.0,26.0
Westwood,90,1814.0,219.718001083,964.0,155.331902712,61.0,59.4138031101,9.0,17.2046505341,52.0,57.2800139665,51.0,32.5269119346,82.0,42.4499705536,45.0,43.0464865001,119.0,55.9464029228,7.0,14.8660687473,7.0,14.8660687473,0.0,14.1421356237,92.0,65.0538238692,33.0,29.0688837075,33.0,29.0688837075,0.0,14.1421356237,71.0,49.2036584006,54.0,44.7772263545,0.0,14.1421356237,17.0,21.4709105536,119.0,57.4543296889,55.0,36.1247837364,64.0,43.8292140016,114.0,67.9117073854,0.0,14.1421356237,114.0,67.9117073854,35.0,43.1740662898,135.0,57.9827560573,850.0,144.222051019,0.0,14.1421356237,0.0,14.1421356237,0.0,14.1421356237,0.0,14.1421356237,62.0,46.6154480832,15.0,23.2594066992,164.0,63.2850693292,39.0,51.1957029447,8.0,14.8660687473,31.0,50.9901951359,7.0,14.8660687473,104.0,48.4148737476,97.0,46.8614980554,7.0,15.6204993518,20.0,21.6333076528,20.0,21.6333076528,0.0,14.1421356237,0.0,14.1421356237,196.0,60.3075451333,39.0,30.2324329157,157.0,54.4885309033,172.0,71.1758385971,0.0,14.1421356237,172.0,71.1758385971,26.0,26.2488094968,45.0,51.6236379966
Windgap,91,710.0,158.29403021,397.0,113.877126764,0.0,14.1421356237,0.0,14.1421356237,0.0,14.1421356237,98.0,69.0289794217,48.0,38.275318418,10.0,18.0277563773,23.0,23.2594066992,0.0,14.1421356237,0.0,14.1421356237,0.0,14.1421356237,5.0,12.8062484749,9.0,16.4012194669,9.0,16.4012194669,0.0,14.1421356237,48.0,51.9711458407,10.0,18.0277563773,0.0,14.1421356237,38.0,49.0306026885,44.0,35.8050275799,8.0,16.4012194669,36.0,33.4215499341,71.0,45.0,22.0,23.6008474424,49.0,42.201895692,0.0,14.1421356237,41.0,37.1214223865,313.0,85.7554662981,0.0,14.1421356237,0.0,14.1421356237,0.0,14.1421356237,0.0,14.1421356237,0.0,14.1421356237,0.0,14.1421356237,36.0,29.1547594742,28.0,26.9258240357,19.0,23.2594066992,9.0,16.4012194669,9.0,17.2046505341,26.0,23.3452350599,26.0,23.3452350599,0.0,14.1421356237,49.0,27.2029410175,29.0,22.0227155455,0.0,14.1421356237,20.0,18.7882942281,130.0,71.1125867902,36.0,33.5410196625,94.0,60.415229868,35.0,24.4131112315,10.0,18.0277563773,25.0,19.1049731745,0.0,14.1421356237,0.0,14.1421356237
